2801009070617943040,2801009070617942945_2,2,33.4,12,2055274997,1,22.7,19.75,8.8,1.1,1.2,8.8.1,38.4,1.3,5,0,2.1,0.1,32.4,34.4,0.2,18.46,17.46,13.8,0.14,2.2,0.3,0.4,1.4
4011120144613713920,4011120144613714587_1,5,88.0,12,2055274997,1,25.8,12.4,10.1,1,1,10.1,143.5,1.0,55.5,5.0,3.95,4.5,75.55,82.5,5.5,0.0,3.5,53.45,22.1,8.45,0.0,0.0,1
4073980069416978944,4073980069416978972_1,2,74.6,12,2045518367,4,32.7,24.01,15.0,1,1,15.0,109.3,1.0,34.7,5.0,3.28,4.5,62.82,75.6,5.0,0.0,3.5,49.41,13.41,7.78,0.0,0.0,1
2001007390386886912,2001007390386886537_1,2,142.2,12,2055274997,1,43.4,43.4,8.8,2,1,17.6,160.5,1.0,0.0,5.0,9.33,4.0,143.17,162.0,5.5,14.5,8.0,56.4,72.27,13.33,0.0,0.0,2
2001007370830265088,2001007370830265041_1,7,51.4,12,2045518367,4,36.7,36.7,18.0,1,1,18.0,60.5,1.0,0.0,5.0,3.33,4.0,49.17,62.5,6.0,14.5,7.5,25.9,8.77,7.33,0.0,0.0,2
4010530069265815040,4010530069265815068_1,2,43.25,12,2055274997,1,20.7,16.1,8.8,1,1,8.8,138.2,1.0,89.01,5.0,2.01,4.5,38.68,44.19,5.0,12.8,6.8,28.91,-3.03,6.51,0.0,0.0,2
4089960069206936064,4089960069206936106_1,5,20.6,12,2055274997,1,23.4,15.8,10.1,1,1,10.1,32.6,1.0,12.0,5.0,0.58,4.5,11.52,22.1,5.5,0.0,3.5,13.6,-2.08,5.08,0.0,0.0,1
2601005693472093184,2601005693472093200_1,8,44.3,12,2045518367,4,33.3,33.3,18.0,1,1,18.0,58.8,0.1,14.5,0.0,2.66,0.0,41.74,44.4,0.0,10.7,10.6,25.4,5.64,2.66,0.0,0.0,1
4098690069108121088,4098690069108121315_1,2,22.7,12,2055274997,1,20.7,15.8,8.8,1,1,8.8,48.9,1.0,26.2,5.0,0.68,4.5,13.52,23.7,5.0,0.0,3.5,15.8,-2.28,5.18,0.0,0.0,1
2001004622346982912,2001004622346982567_1,13,55.2,12,2045518367,4,28.3,28.3,15.0,1,1,15.0,66.2,1.0,11.0,4.0,3.07,4.0,45.13,56.2,4.0,0.0,3.0,40.9,4.23,7.07,0.0,0.0,1
401003292595589888,401003292595589911_2,4,57.6,12,2055274997,1,15.5,13.6,12.0,1,1,12.0,93.3,1.0,35.7,0.0,3.46,0.0,55.14,58.6,0.0,12.8,11.8,29.74,12.6,3.46,19.0,0.0,1
4008800069130973184,4008800069130972869_1,2,42.8,12,2045518367,4,29.9,25.7,15.0,1,1,15.0,67.6,1.0,24.8,5.0,1.69,4.5,32.61,42.8,5.0,0.0,3.5,23.89,8.72,6.19,0.0,0.0,1
3901003193058793984,3901003193058794728_1,12,54.88,12,2045518367,4,36.6,31.28,20.0,1,1,20.0,97.4,1.0,32.71,5.0,3.58,4.0,53.11,64.69,6.0,18.46,11.46,50.9,-16.25,7.58,0.0,0.0,2
2001002912063099904,2001002912063100103_2,13,37.5,12,2055274997,1,18.6,18.6,8.98,1,1,8.98,40.6,1.0,3.1,0.0,2.25,0.0,36.25,38.5,0.0,12.8,11.8,18.98,4.47,2.25,0.0,0.0,1
4011120144177490944,4011120144177491704_2,2,138.86,12,2045518367,4,31.4,26.62,15.0,1,1,15.0,216.2,1.0,49.2,5.0,7.9,4.5,150.6,171.0,10.0,15.7,4.7,100.75,34.15,12.4,0.0,0.0,2
4046410144242589184,4046410144242589422_1,7,23.6,12,2055274997,1,22.2,15.8,9.8,1,1,9.8,45.6,1.0,22.0,5.0,0.73,4.5,14.37,24.6,5.0,0.0,3.5,15.7,-1.33,5.23,0.0,0.0,1
2001001761059141888,2001001761059142185_1,2,99.5,12,2055274997,1,20.4,20.4,8.8,1,1,8.8,112.6,1.0,13.1,5.0,5.67,4.0,85.83,100.5,5.0,0.0,3.0,46.6,39.23,9.67,0.0,0.0,1
2001000353463356928,2001000353463357374_1,14,56.2,12,2045518367,4,22.8,19.68,15.0,1,1,7.5,90.1,0.1,33.9,4.0,3.13,4.0,45.17,51.3,4.0,0.0,3.9,39.5,5.67,7.13,0.0,0.0,1
2001000312760022016,2001000312760021686_2,7,55.4,12,2045518367,4,22.8,20.91,18.0,1,1,18.0,72.6,1.0,17.2,0.0,3.32,0.0,53.08,51.4,0.0,11.0,10.0,36.74,5.34,3.32,0.0,0.0,1
2001000312953826048,2001000312953826411_1,2,36.1,12,2045518367,4,22.8,21.05,15.02,1,1,7.51,49.9,1.0,13.8,5.0,1.87,4.0,26.23,34.1,5.0,0.0,3.0,14.63,11.6,5.87,0.0,0.0,1
2200999773227456000,2200999773227455689_1,10,50.5,12,2045518367,4,22.8,6.27,20.0,1,1,20.0,118.3,1.0,67.8,0.0,3.03,0.0,48.47,51.5,0.0,8.7,7.7,61.64,-21.87,3.03,0.0,0.0,1
4000660068904065024,4000660068904064626_2,13,49.0,12,2045518367,4,30.0,6.44,15.0,1,1,7.5,126.7,1.0,77.7,0.0,2.5,0.0,47.5,39.0,0.0,19.0,18.0,53.3,-24.8,2.5,0.0,0.0,1
4056550068769862144,4056550068769862325_1,12,14.4,12,2045518367,4,36.2,7.9,15.0,1,1,7.5,73.6,1.0,53.3,5.0,0.57,4.5,11.23,21.8,5.5,20.12,13.62,19.86,-28.75,5.07,0.0,0.0,2
4073040144018207744,4073040144018208421_2,14,19.6,12,2045518367,4,35.6,7.9,15.0,1,1,7.5,70.6,1.0,51.0,0.0,1.03,0.0,19.57,20.6,0.0,9.0,8.0,19.1,-8.53,1.03,0.0,0.0,1
4016980068774286848,4016980068774287044_1,8,28.0,12,2045518367,4,37.0,7.11,18.0,1,1,18.0,91.2,1.0,63.2,5.0,0.95,4.5,18.55,19.0,5.0,0.0,3.5,40.4,-21.85,5.45,0.0,0.0,1
4000998961032173056,4000998961032172714_2,11,134.6,12,2045518367,4,22.8,7.9,15.0,1,1,7.5,175.8,1.0,41.2,0.0,8.08,0.0,127.52,135.6,0.0,15.0,14.0,75.25,37.27,8.08,0.0,0.0,1
4092100144011198976,4092100144011199048_1,13,23.0,12,2045518367,4,31.3,7.9,15.0,1,1,7.5,65.1,1.0,42.1,5.0,0.7,4.5,13.8,19.0,5.0,0.0,3.5,17.46,-3.66,5.2,0.0,0.0,1
2000998942532098048,2000998942532097788_1,2,23.2,12,2055274997,1,20.4,20.4,8.8,1,1,8.8,33.0,1.0,9.8,5.0,1.09,4.0,14.11,24.2,5.0,0.0,3.0,11.52,2.59,5.09,0.0,0.0,1
4071170143980249088,4071170143980248727_2,14,7.19,12,2045518367,4,32.9,7.19,15.0,1,1,7.5,109.7,1.0,79.3,5.0,1.07,4.5,20.83,22.4,5.0,11.0,5.0,33.62,-23.79,5.57,0.0,0.0,2
3500998932467778048,3500998932467778210_1,7,25.8,12,2045518367,4,22.8,7.07,18.0,1,1,18.0,62.7,1.0,36.9,5.0,1.25,4.0,16.55,25.8,6.0,0.0,3.0,37.5,-20.95,5.25,0.0,0.0,1
2400998931204678144,2400998931204677522_1,2,36.3,12,2045518367,4,22.8,7.29,15.02,1,1,7.51,71.0,1.0,34.7,4.0,1.94,4.0,27.36,34.3,4.0,0.0,3.0,32.31,-4.95,5.94,0.0,0.0,1
300998921362922624,300998921362922576_2,7,132.5,12,2045518367,4,22.8,7.24,18.0,1,1,18.0,172.2,0.5,39.7,0.0,7.95,0.0,125.05,128.0,0.0,17.0,16.5,109.77,-1.72,7.95,0.0,0.0,1
4009150144004957184,4009150144004956887_1,11,37.4,12,2045518367,4,33.9,6.78,15.0,1,1,7.5,128.3,1.0,90.9,5.5,1.42,4.5,26.98,35.4,5.5,0.0,3.5,41.55,-14.57,5.92,0.0,0.0,1
2000998912685063936,2000998912685063798_2,11,46.0,12,2045518367,4,22.8,6.15,15.0,1,1,7.5,83.3,0.5,37.3,0.0,2.76,0.0,43.74,46.5,0.0,7.7,7.2,25.87,10.17,2.76,0.0,0.0,1
4400998913868404224,4400998913868404232_2,14,21.8,12,2045518367,4,22.8,7.9,15.0,1,1,7.5,48.7,1.0,26.9,0.0,1.31,0.0,21.49,22.8,0.0,10.8,9.8,15.63,-4.94,1.31,0.0,0.0,1
4034480143976976896,4034480143976976907_1,9,34.1,12,2045518367,4,31.3,7.29,15.0,1,1,7.5,97.6,1.0,63.5,5.0,1.25,4.5,24.35,33.1,5.0,0.0,3.5,22.9,1.45,5.75,0.0,0.0,1
4088230143957185024,4088230143957185118_1,11,21.1,12,2045518367,4,33.9,7.9,15.0,1,1,7.5,68.7,1.0,47.6,5.0,0.6,4.5,12.0,17.1,5.0,0.0,3.5,13.32,-1.32,5.1,0.0,0.0,1
2000998892652942080,2000998892652941499_2,2,20.7,12,2045518367,4,22.8,6.37,15.01,1,1,7.51,57.3,1.0,36.6,0.0,1.24,0.0,20.46,21.7,0.0,12.7,11.7,27.51,-19.75,1.24,0.0,0.0,1
2000998871336686080,2000998871336685642_1,12,28.5,12,2045518367,4,22.8,7.15,15.0,1,1,7.5,77.0,1.0,48.5,4.0,1.47,4.0,20.03,24.5,4.0,0.0,3.0,31.9,-11.87,5.47,0.0,0.0,1
4008490143955358208,4008490143955358286_1,2,21.18,12,2045518367,4,31.3,7.13,15.01,1,1,7.51,80.5,1.0,59.32,5.0,1.09,4.5,11.59,20.4,6.0,26.12,19.12,24.09,-38.62,5.59,0.0,4.18,2
3300998853515740160,3300998853515740294_2,7,22.6,12,2045518367,4,22.8,6.46,18.0,1,1,18.0,56.9,1.0,34.3,0.0,1.36,0.0,22.24,22.6,0.0,9.0,8.0,31.63,-18.39,1.36,0.0,0.0,1
2000998834284983040,2000998834284982878_2,11,21.1,12,2045518367,4,22.8,6.38,15.0,1,1,7.5,57.8,0.5,36.7,0.0,1.27,0.0,20.33,21.6,0.0,10.7,10.2,19.13,-9.5,1.27,0.0,0.0,1
4051920068758324224,4051920068758323744_2,7,34.4,12,2045518367,4,30.0,6.28,18.0,1,1,18.0,132.1,1.0,97.7,0.0,1.77,0.0,33.63,24.4,0.0,12.8,11.8,52.62,-31.79,1.77,0.0,0.0,1
2000998773534787072,2000998773534786567_3,14,62.03,12,2045518367,4,22.8,6.73,15.0,1,1,7.5,103.3,1.0,27.9,0.0,4.52,0.0,71.88,73.4,0.0,34.82,33.82,41.14,-4.08,4.52,0.0,0.0,2
4053160144054155776,4053160144054156002_2,2,23.7,12,2045518367,4,32.9,7.9,15.01,1,1,7.51,56.6,1.0,32.9,0.0,1.24,0.0,23.46,24.7,0.0,13.0,12.0,16.31,-5.85,1.24,0.0,0.0,1
4053160144054155776,4053160144054156002_2,2,23.7,12,2055274997,1,23.7,15.8,8.8,1,1,8.8,56.6,1.0,32.9,0.0,1.24,0.0,23.46,24.7,0.0,13.0,12.0,16.31,-5.85,1.24,0.0,0.0,1
4700998742680797184,4700998742680796795_1,12,47.8,12,2045518367,4,22.8,7.9,15.0,1,1,7.5,62.7,1.0,14.9,4.0,2.63,4.0,38.17,48.8,4.0,0.0,3.0,25.5,12.67,6.63,0.0,0.0,1
600998730337125248,600998730337125283_1,2,46.2,12,2045518367,4,22.8,7.42,15.01,1,1,7.51,64.5,1.0,18.3,5.0,2.47,4.0,35.73,42.2,7.0,0.0,3.0,23.05,12.68,6.47,0.0,0.0,1
2300998734285873920,2300998734285873970_3,14,6.16,12,2045518367,4,22.8,6.16,15.0,1,1,7.5,90.7,1.0,44.6,0.0,2.77,0.0,44.33,47.1,0.0,16.5,15.5,44.2,-16.37,2.77,0.0,0.0,2
4060200144050430976,4060200144050431701_1,7,39.2,12,2045518367,4,37.0,7.36,18.0,1,1,18.0,133.4,1.0,94.2,5.0,1.51,4.5,29.19,35.7,5.5,0.0,3.5,51.34,-22.15,6.01,0.0,0.0,1
4078790068748069888,4078790068748070444_1,7,45.8,12,2045518367,4,37.0,6.93,18.0,1,1,18.0,107.3,1.0,61.5,5.5,1.84,4.5,34.96,36.8,5.5,0.0,3.5,51.03,-16.07,6.34,0.0,0.0,1
4077360144044596224,4077360144044595847_2,6,34.3,12,2045518367,4,31.3,6.72,15.0,1,1,15.0,115.1,1.0,80.8,5.0,1.76,0.0,33.54,28.3,5.0,10.7,4.7,47.31,-24.47,1.76,0.0,0.0,1
2000998680787506944,2000998680787506785_1,2,39.5,12,2045518367,4,22.8,7.34,15.01,1,1,7.51,62.1,1.0,22.6,5.0,2.07,4.0,29.43,40.5,10.0,0.0,3.0,23.64,5.79,6.07,0.0,0.0,1
4037780068794050048,4037780068794050093_1,7,25.6,12,2045518367,4,37.0,7.9,18.0,1,1,18.0,71.6,1.0,46.0,5.0,0.83,4.5,16.27,26.6,5.0,0.0,3.5,35.5,-19.23,5.33,0.0,0.0,1
4016650068787433984,4016650068787434155_1,2,38.8,12,2045518367,4,31.3,6.41,15.01,1,1,7.51,107.8,1.0,69.0,5.0,1.49,4.5,28.81,28.8,5.0,0.0,3.5,47.51,-18.7,5.99,0.0,0.0,1
4074680068840718848,4074680068840719082_1,4,16.7,12,2045518367,4,37.0,7.9,18.0,1,1,18.0,77.3,1.0,50.7,5.0,0.88,4.5,17.22,22.6,5.0,14.0,8.0,29.0,-25.78,5.38,0.0,0.0,2
4400998643837627904,4400998643837628523_1,12,20.5,12,2045518367,4,22.8,6.88,15.0,1,1,7.5,45.1,1.0,24.6,5.0,0.93,4.0,11.57,19.5,5.0,0.0,3.0,17.02,-5.45,4.93,0.0,0.0,1
4002850068743818752,4002850068743818883_1,2,70.9,12,2045518367,4,31.3,6.22,15.01,1,1,7.51,137.8,1.0,66.9,5.0,3.09,4.5,59.31,65.9,5.0,0.0,3.5,41.24,18.07,7.59,0.0,0.0,1
4045480143926104064,4045480143926103801_2,7,33.4,12,2045518367,4,32.9,6.7,18.0,1,1,18.0,147.6,1.0,115.82,0.0,1.8,0.0,30.98,27.4,0.0,18.46,17.46,48.64,-36.12,1.8,0.0,1.27,1
2000998640683062016,2000998640683062251_2,7,25.7,12,2045518367,4,22.8,7.9,18.0,1,1,18.0,72.3,0.1,46.6,0.0,1.54,0.0,24.26,20.8,0.0,24.12,24.02,38.0,-37.86,1.54,0.0,0.0,1
2500998643100178944,2500998643100179035_1,7,38.0,12,2045518367,4,22.8,7.35,18.0,1,1,18.0,85.2,1.0,47.2,4.0,2.04,4.0,28.96,31.0,4.0,0.0,3.0,34.66,-5.7,6.04,0.0,0.0,1
4002920068733130752,4002920068733131440_2,2,61.1,12,2045518367,4,32.9,6.0,15.01,1,1,7.51,164.6,1.0,103.5,0.0,3.1,0.0,59.0,52.1,0.0,13.7,12.7,55.28,-9.98,3.1,0.0,0.0,1
4020260143947024896,4020260143947025034_1,8,23.6,12,2045518367,4,37.0,7.02,18.0,1,1,9.0,106.5,1.0,82.9,5.0,0.73,4.5,14.37,13.6,5.0,0.0,3.5,27.31,-12.94,5.23,0.0,0.0,1
2000998621319525888,2000998621319526478_1,13,18.6,12,2045518367,4,22.8,6.82,15.0,1,1,7.5,44.6,1.0,26.0,5.0,0.82,4.0,9.78,17.6,5.0,0.0,3.0,14.99,-5.21,4.82,0.0,0.0,1
2000998602726716928,2000998602726717059_1,7,52.05,12,2045518367,4,22.8,6.74,13.0,1,1,13.0,122.6,1.0,57.9,4.0,3.64,4.0,54.06,57.7,4.0,9.7,4.7,51.07,-6.71,7.64,0.0,0.0,2
4060610068773363200,4060610068773363362_2,12,49.3,12,2045518367,4,30.0,6.15,15.0,1,1,7.5,161.9,1.0,112.6,0.0,2.51,0.0,47.79,43.3,0.0,20.0,19.0,48.47,-20.68,2.51,0.0,0.0,1
2000998570577150976,2000998570577151207_1,11,42.6,12,2045518367,4,22.8,7.06,15.0,1,1,7.5,67.7,1.0,25.1,0.0,2.56,0.0,41.04,40.6,0.0,7.7,6.7,23.65,9.69,2.56,0.0,0.0,1
2000998543822510080,2000998543822509649_1,2,53.3,12,2045518367,4,22.8,6.53,15.01,1,1,7.51,114.0,1.0,60.7,4.0,2.96,4.0,43.34,52.3,4.0,0.0,3.0,55.76,-12.42,6.96,0.0,0.0,1
4089220143909911040,4089220143909911068_1,2,17.82,12,2045518367,4,31.3,6.51,15.01,1,1,7.51,47.7,1.0,23.12,5.0,2.97,4.5,13.11,32.4,5.0,22.12,16.12,44.11,-53.12,7.47,0.0,13.2,2
4027900068766716928,4027900068766717550_1,11,36.8,12,2045518367,4,33.9,6.79,15.0,1,1,7.5,77.0,1.0,46.99,5.0,2.08,4.5,19.43,30.8,5.0,0.0,3.5,36.01,-16.58,6.58,0.0,5.5,1
4024780068770237952,4024780068770238041_2,6,35.2,12,2045518367,4,31.3,6.28,15.0,1,1,7.5,63.9,1.0,42.08,5.0,1.75,0.0,21.07,25.2,5.0,10.8,4.8,36.31,-26.04,1.75,0.0,9.2,1
2000998502290895872,2000998502290896119_2,9,30.7,12,2045518367,4,45.6,30.7,15.0,2,1,15.0,45.6,0.1,14.9,0.0,1.84,0.0,28.96,25.8,0.0,8.7,8.6,15.0,5.26,1.84,0.0,0.0,1
2000998484247529984,2000998484247530514_1,6,32.0,12,2045518367,4,22.8,7.9,15.0,1,1,7.5,65.2,1.0,33.2,0.0,1.92,0.0,31.08,33.0,0.0,7.7,6.7,20.47,2.91,1.92,0.0,0.0,1
4031820068766474240,4031820068766473812_1,12,77.2,12,2045518367,4,36.2,5.83,15.0,1,1,7.5,196.9,1.0,119.7,5.0,3.41,4.5,65.29,73.2,6.0,0.0,3.5,53.03,12.26,7.91,0.0,0.0,1
2000998444109892096,2000998444109892203_2,14,31.7,12,2045518367,4,22.8,7.9,15.0,1,1,7.5,80.6,0.1,48.9,0.0,1.9,0.0,29.9,26.8,0.0,10.8,10.7,34.1,-15.0,1.9,0.0,0.0,1
4007110143851110912,4007110143851111051_1,6,31.6,12,2045518367,4,31.3,7.9,15.0,1,1,7.5,81.2,1.0,49.6,5.0,1.13,4.5,21.97,32.6,5.0,0.0,3.5,33.9,-11.93,5.63,0.0,0.0,1
600997482193636480,600997482193636433_2,11,15.7,12,2045518367,4,22.8,5.99,15.0,1,1,7.5,49.0,0.5,33.3,0.0,0.94,0.0,15.26,15.2,0.0,6.7,6.2,15.88,-7.32,0.94,0.0,0.0,1
4013590068661606912,4013590068661607008_2,6,31.9,12,2045518367,4,32.9,6.15,15.0,1,1,7.5,107.5,1.0,75.6,0.0,1.65,0.0,31.25,21.9,0.0,17.0,16.0,29.0,-14.75,1.65,0.0,0.0,1
4047630068650680832,4047630068650681065_1,7,20.0,12,2045518367,4,28.1,7.9,15.0,1,1,7.5,42.9,1.0,22.9,5.0,0.55,4.5,10.95,21.0,5.0,0.0,3.5,12.82,-1.87,5.05,0.0,0.0,1
4088210143955535872,4088210143955536591_1,11,32.7,12,2055274997,1,20.8,20.8,9.0,1,1,9.0,43.0,1.0,10.3,5.0,1.18,4.5,23.02,33.7,5.0,0.0,3.5,14.3,8.72,5.68,0.0,0.0,1
4084350143843534848,4084350143843535402_1,2,54.6,12,2045518367,4,31.3,6.2,15.01,1,1,7.51,99.2,1.0,44.6,5.0,2.28,4.5,43.82,51.1,5.5,0.0,3.5,41.11,2.71,6.78,0.0,0.0,1
4800997301025545216,4800997301025545209_2,4,18.7,12,2045518367,4,22.8,6.25,15.0,1,1,7.5,42.9,0.5,24.2,0.0,1.12,0.0,18.08,18.2,0.0,8.0,7.5,14.43,-4.35,1.12,0.0,0.0,1
4052870068690531840,4052870068690532066_1,8,93.5,12,2045518367,4,37.0,6.74,18.0,1,1,9.0,149.3,1.0,55.8,5.0,4.23,4.5,80.77,90.5,5.0,0.0,3.5,62.05,18.72,8.73,0.0,0.0,1
2000997251899375104,2000997251899375116_1,9,16.5,12,2045518367,4,22.8,6.05,15.0,1,1,7.5,50.3,0.5,33.8,0.0,0.99,0.0,16.01,16.0,0.0,8.7,8.2,18.91,-11.6,0.99,0.0,0.0,1
2100997241753413120,2100997241753412634_1,13,36.3,12,2045518367,4,22.8,5.8,15.0,1,1,7.5,95.8,1.0,59.5,0.0,2.18,4.0,31.12,41.3,6.0,0.0,3.0,47.26,-16.14,6.18,0.0,0.0,1
4015170143878240256,4015170143878239875_2,7,25.9,12,2045518367,4,30.0,7.9,15.0,1,1,7.5,69.3,1.0,43.4,5.0,1.34,0.0,25.56,26.9,5.0,10.8,4.8,19.81,-5.05,1.34,0.0,0.0,1
4073780068635942912,4073780068635943489_1,7,18.6,12,2045518367,4,28.1,7.9,15.0,1,1,7.5,56.0,1.0,37.4,5.0,0.62,4.5,9.48,20.7,5.5,0.0,3.5,19.63,-10.15,5.12,0.0,4.44,2
4033580068685926912,4033580068685926949_1,6,21.5,12,2045518367,4,31.3,7.9,15.0,1,1,7.5,70.0,1.0,48.5,5.0,0.63,4.5,12.37,19.5,5.0,0.0,3.5,20.52,-8.15,5.13,0.0,0.0,1
5300997183623486464,5300997183623486230_1,8,32.4,12,2045518367,4,22.8,6.85,18.0,1,1,18.0,53.8,0.1,21.4,4.0,1.94,0.0,30.56,30.5,4.0,8.0,3.9,25.14,-2.58,1.94,0.0,0.0,1
2200997123120067072,2200997123120067110_1,9,19.8,12,2045518367,4,22.8,6.31,15.0,1,1,7.5,53.6,0.5,33.8,4.0,1.19,0.0,19.11,19.3,4.0,6.7,2.2,25.5,-13.09,1.19,0.0,0.0,1
2900997122036215808,2900997122036216344_1,13,12.66,12,2045518367,4,22.8,6.8,15.0,1,1,7.5,53.5,1.0,34.9,4.0,0.88,4.0,10.72,17.6,4.0,9.0,4.0,14.96,-13.24,4.88,0.0,0.0,2
4026370143853442048,4026370143853441750_1,12,36.8,12,2045518367,4,36.2,7.3,15.0,1,1,7.5,93.5,1.0,56.7,5.0,1.39,4.5,26.91,35.8,5.0,0.0,3.5,21.91,5.0,5.89,0.0,0.0,1
2000997101515442944,2000997101515442613_1,2,29.7,12,2045518367,4,22.8,7.17,15.01,1,1,7.51,62.9,1.0,33.2,4.0,1.54,4.0,21.16,28.7,4.0,0.0,3.0,31.51,-10.35,5.54,0.0,0.0,1
4026880068601998848,4026880068601999044_1,14,30.1,12,2045518367,4,31.3,6.07,15.0,1,1,7.5,105.9,1.0,75.8,5.0,1.56,0.0,29.54,20.1,5.0,6.7,0.7,37.13,-14.29,1.56,0.0,0.0,1
2000997100520020992,2000997100520020819_1,4,183.65,12,2045518367,4,22.8,7.85,15.0,1,1,7.5,240.5,0.1,48.9,4.0,11.26,4.0,172.44,191.7,4.0,0.0,3.9,115.16,57.28,15.26,3.0,0.0,2
4020530068615767040,4020530068615766728_1,4,35.4,12,2045518367,4,33.9,7.28,15.0,1,1,7.5,101.2,1.0,65.8,5.0,1.32,4.5,25.58,34.9,5.5,0.0,3.5,36.71,-11.13,5.82,0.0,0.0,1
2600997094202191872,2600997094202191732_1,7,30.5,12,2045518367,4,22.8,7.19,15.0,1,1,7.5,68.5,1.0,38.0,4.0,1.59,4.0,21.91,30.5,6.0,0.0,3.0,22.2,-0.29,5.59,0.0,0.0,1
2000997082498413056,2000997082498412991_2,11,48.6,12,2045518367,4,22.8,7.15,15.0,1,1,7.5,96.7,1.0,48.1,4.0,2.92,0.0,46.68,47.6,4.0,11.0,6.0,41.6,-5.92,2.92,0.0,0.0,1
4044740068598764032,4044740068598764102_1,6,63.2,12,2045518367,4,31.3,6.38,15.0,1,1,7.5,166.1,1.0,102.9,5.0,2.71,4.5,51.99,64.2,5.0,0.0,3.5,43.73,8.26,7.21,0.0,0.0,1
4023260143798842880,4023260143798842886_1,7,57.4,12,2045518367,4,28.1,6.34,15.0,1,1,7.5,104.2,1.0,46.8,5.0,2.42,4.5,46.48,47.4,5.0,0.0,3.5,47.52,-1.04,6.92,0.0,0.0,1
3400997030206575104,3400997030206574584_1,4,36.9,12,2045518367,4,22.8,7.75,15.0,1,1,7.5,94.9,0.1,42.5,4.0,2.9,4.0,41.6,47.5,4.0,17.0,12.9,42.7,-18.1,6.9,0.0,0.0,2
2100996991190386944,2100996991190387404_2,12,31.2,12,2045518367,4,22.8,6.81,15.0,1,1,7.5,75.9,1.0,44.7,4.0,1.99,0.0,32.21,32.2,6.0,17.0,10.0,37.2,-21.99,1.99,0.0,0.0,1
4053520068655349248,4053520068655349301_2,7,54.9,12,2045518367,4,32.9,6.89,15.0,1,1,7.5,58.1,1.0,10.09,5.0,3.45,0.0,45.56,53.9,5.0,11.0,5.0,31.4,3.16,3.45,0.0,6.64,1
4060200143807290880,4060200143807290921_1,7,32.4,12,2045518367,4,28.1,6.17,15.0,1,1,7.5,112.6,1.0,80.2,5.5,1.17,4.5,22.23,26.4,5.5,0.0,3.5,28.07,-5.84,5.67,0.0,0.0,1
4019350143833713152,4019350143833713181_2,7,38.06,12,2045518367,4,29.8,6.19,15.0,1,1,7.5,212.5,1.0,174.44,5.0,1.95,0.0,37.11,35.06,5.0,15.7,9.7,37.06,-15.65,1.95,0.0,0.0,1
4039980068584037888,4039980068584038040_1,9,32.16,12,2045518367,4,31.1,6.02,15.0,1,1,7.5,138.0,1.0,105.84,6.0,1.16,4.5,21.5,26.16,6.5,0.0,3.5,54.7,-33.2,5.66,0.0,0.0,1
2000996111349779968,2000996111349780039_2,7,22.46,12,2045518367,4,22.8,7.66,14.9,1,1,7.45,71.6,1.0,49.14,4.0,1.35,0.0,22.11,23.46,4.0,12.65,7.65,40.45,-30.99,1.35,0.0,0.0,1
3300996114012380160,3300996114012380326_2,11,20.36,12,2045518367,4,22.8,7.66,14.9,1,1,7.45,66.6,1.0,46.24,4.0,1.22,0.0,20.14,21.36,4.0,26.12,21.12,20.3,-26.28,1.22,0.0,0.0,1
4000850068559918080,4000850068559917626_1,13,55.62,12,2045518367,4,31.3,5.78,15.0,1,1,15.0,175.5,1.0,119.88,5.0,2.33,4.5,44.79,54.62,5.0,0.0,3.5,70.66,-25.87,6.83,0.0,0.0,1
2900996062099456000,2900996062099455947_2,11,19.86,12,2045518367,4,22.8,6.11,14.9,1,1,7.45,50.9,0.5,31.04,4.0,1.19,0.0,19.17,17.36,4.0,6.7,2.2,13.53,-1.06,1.19,0.0,0.0,1
2000996051851048960,2000996051851049464_2,10,25.46,12,2045518367,4,45.6,25.46,20.0,2,1,40.0,45.6,1.0,20.14,4.0,1.53,0.0,24.93,23.46,4.0,13.0,8.0,40.0,-28.07,1.53,0.0,0.0,1
2000996031491858944,2000996031491859546_2,8,15.36,12,2045518367,4,22.8,5.77,18.0,1,1,18.0,62.3,1.0,46.94,4.0,0.98,0.0,16.38,15.36,5.0,17.0,11.0,32.8,-33.42,0.98,0.0,0.0,1
4019090143768753152,4019090143768752740_1,14,64.56,12,2045518367,4,24.7,6.14,12.0,1,1,6.0,102.4,1.0,37.84,5.0,3.27,0.0,62.29,56.56,5.0,12.7,6.7,40.0,9.59,3.27,0.0,0.0,1
2600995990738181120,2600995990738180995_1,12,22.72,12,2045518367,4,22.8,6.76,18.0,1,1,9.0,70.9,1.0,48.18,4.0,1.12,4.0,14.6,22.72,5.0,0.0,3.0,31.5,-16.9,5.12,0.0,0.0,1
3500995943176110080,3500995943176109839_2,4,75.96,12,2045518367,4,22.8,6.68,14.9,1,1,7.45,134.0,0.1,58.04,4.0,4.8,0.0,75.26,75.06,8.0,24.12,16.02,63.94,-12.8,4.8,0.0,0.0,1
300995932744621824,300995932744621823_1,5,21.36,12,2045518367,4,22.8,6.71,25.0,1,1,25.0,46.6,1.0,25.24,4.0,1.04,4.0,13.32,23.36,5.0,0.0,3.0,49.6,-36.28,5.04,0.0,0.0,1
4070380143743195136,4070380143743194710_1,13,24.12,12,2045518367,4,31.3,7.66,15.0,1,1,15.0,159.1,1.0,134.98,5.0,0.76,4.5,14.86,22.12,5.0,0.0,3.5,41.88,-27.02,5.26,0.0,0.0,1
4065910068600376832,4065910068600376963_1,2,31.92,12,2045518367,4,30.4,5.96,13.99,1,1,7.0,197.0,1.0,165.08,5.0,1.15,4.5,22.27,25.92,5.0,0.0,3.5,85.75,-63.48,5.65,0.0,0.0,1
2000995800976101888,2000995800976102221_1,5,33.86,12,2045518367,4,22.8,7.03,25.0,1,1,25.0,59.1,1.0,25.24,4.0,1.79,4.0,25.07,33.86,5.0,0.0,3.0,41.99,-16.92,5.79,0.0,0.0,1
4014470143749776896,4014470143749777082_1,5,21.93,12,2045518367,4,50.3,6.47,25.0,1,1,25.0,110.5,1.0,88.57,5.0,0.65,4.5,12.78,20.93,5.0,0.0,3.5,49.65,-36.87,5.15,0.0,0.0,1
4043680068623318016,4043680068623317696_2,7,33.82,12,2045518367,4,29.4,6.5,14.9,1,1,7.45,125.2,1.0,91.38,5.0,1.74,0.0,33.08,32.82,5.0,10.7,4.7,29.55,-7.17,1.74,18.0,0.0,1
300995622072996800,300995622072996806_1,13,48.36,12,2045518367,4,22.8,6.27,15.0,1,1,15.0,74.5,1.0,26.14,4.0,2.66,4.0,38.7,50.36,7.0,0.0,3.0,35.29,3.41,6.66,0.0,0.0,1
4018120143818074112,4018120143818073740_1,2,32.82,12,2045518367,4,30.4,6.01,13.99,1,1,7.0,176.1,1.0,143.28,5.5,1.19,4.5,22.63,29.82,5.5,0.0,3.5,26.81,-4.18,5.69,0.0,0.0,1
2000995584000335104,2000995584000334710_1,13,46.26,12,2045518367,4,22.8,7.66,15.0,1,1,15.0,116.4,1.0,40.34,4.0,4.32,4.0,64.74,77.06,4.0,15.7,10.7,64.0,-14.96,8.32,0.0,0.0,2
4034550068510957056,4034550068510957158_1,6,46.19,12,2045518367,4,31.1,6.14,14.9,1,1,7.45,204.0,1.0,144.34,5.5,2.53,4.5,48.13,46.66,5.5,7.7,1.2,64.46,-24.03,7.03,32.0,0.0,2
4043280143758457856,4043280143758458595_2,7,63.82,12,2045518367,4,29.8,6.2,15.0,1,1,7.5,169.4,1.0,105.58,5.0,3.24,0.0,61.58,53.82,5.0,19.0,13.0,68.76,-26.18,3.24,0.0,0.0,1
4064710068470052864,4064710068470053506_2,4,48.96,12,2045518367,4,32.7,6.65,14.9,1,1,7.45,135.9,1.0,86.94,5.0,2.5,0.0,47.46,46.46,5.0,12.8,6.8,78.65,-43.99,2.5,0.0,0.0,1
4081490143668357120,4081490143668356690_1,11,55.4,12,2055274997,1,20.8,13.17,9.0,1,1,9.0,84.5,1.0,29.1,5.0,2.32,4.5,44.58,52.4,5.0,0.0,3.5,45.0,-0.42,6.82,0.0,0.0,1
2500994632476589056,2500994632476589237_2,12,35.16,12,2045518367,4,22.8,6.7,18.0,1,1,9.0,94.1,1.0,58.94,4.0,2.17,0.0,34.99,36.16,5.0,10.7,4.7,43.21,-18.92,2.17,0.0,0.0,1
2000994561919749888,2000994561919750195_1,5,32.06,12,2045518367,4,22.8,7.0,25.0,1,1,25.0,69.9,1.0,37.84,4.0,1.68,4.0,23.38,27.06,5.0,0.0,3.0,45.8,-22.42,5.68,0.0,0.0,1
2000994541010469120,2000994541010468896_1,11,241.86,12,2045518367,4,45.6,30.46,14.9,2,1,14.9,261.5,1.0,19.64,4.0,14.63,0.0,230.23,244.86,6.0,8.7,1.7,125.75,95.78,14.63,0.0,0.0,1
2000994541687158016,2000994541687157778_1,13,42.0,12,2045518367,4,22.8,6.44,15.0,1,1,15.0,109.9,1.0,51.94,4.0,3.24,4.0,47.72,53.96,4.0,17.0,12.0,49.33,-18.61,7.24,0.0,0.0,2
2000994510029815040,2000994510029814487_1,7,50.86,12,2045518367,4,22.8,7.23,14.9,1,1,7.45,105.3,1.0,54.44,4.0,2.81,4.0,41.05,44.86,4.0,0.0,3.0,43.83,-2.78,6.81,0.0,0.0,1
2400994413416522752,2400994413416522978_1,2,18.09,12,2045518367,4,22.8,6.78,13.99,1,1,7.0,59.7,1.0,36.64,4.0,1.14,4.0,14.92,22.06,4.0,20.12,15.12,21.9,-27.1,5.14,0.0,0.0,2
300994404252805376,300994404252805393_1,5,17.46,12,2045518367,4,22.8,6.53,25.0,1,1,25.0,60.5,1.0,43.04,4.0,0.81,4.0,9.65,17.46,5.0,0.0,3.0,44.2,-34.55,4.81,0.0,0.0,1
3300994382725468160,3300994382725467399_1,4,58.96,12,2045518367,4,22.8,7.53,14.9,1,1,7.45,75.1,0.1,16.14,4.0,3.3,4.0,47.76,54.06,4.0,0.0,3.9,32.35,15.41,7.3,0.0,0.0,1
300994363804732992,300994363804732973_1,5,20.96,12,2045518367,4,22.8,6.7,25.0,1,1,25.0,63.7,1.0,42.74,4.0,1.02,4.0,12.94,20.96,5.0,0.0,3.0,43.62,-30.68,5.02,0.0,0.0,1
4083010143751263232,4083010143751262798_1,13,115.56,12,2045518367,4,31.3,6.21,15.0,1,1,15.0,209.4,1.0,93.84,5.0,5.33,4.5,101.73,116.56,5.0,0.0,3.5,106.48,-4.75,9.83,0.0,0.0,1
2000994260317895936,2000994260317895867_1,5,33.96,12,2045518367,4,22.8,7.66,25.0,1,1,25.0,68.8,1.0,34.84,4.0,1.8,4.0,25.16,35.96,5.0,0.0,3.0,48.08,-22.92,5.8,0.0,0.0,1
4061780068548910080,4061780068548909736_2,6,38.16,12,2045518367,4,27.7,6.19,14.9,1,1,7.45,89.4,1.0,51.24,5.0,1.95,0.0,37.21,35.16,5.0,14.0,8.0,27.36,-4.15,1.95,0.0,0.0,1
4036790068489213952,4036790068489214696_1,9,17.26,12,2045518367,4,31.1,6.52,14.9,1,1,7.45,61.8,1.0,44.54,5.0,0.41,4.5,8.35,8.26,5.0,0.0,3.5,18.45,-10.1,4.91,0.0,0.0,1
4046810068436137984,4046810068436138666_1,8,22.36,12,2045518367,4,37.0,7.66,18.0,1,1,18.0,73.0,1.0,50.64,5.0,0.67,4.5,13.19,22.86,5.5,0.0,3.5,28.42,-15.23,5.17,0.0,0.0,1
2600994202105841152,2600994202105840976_2,2,21.86,12,2045518367,4,22.8,6.24,13.99,1,1,7.0,42.0,1.0,20.14,4.0,1.31,0.0,21.55,22.86,4.0,11.0,6.0,15.12,-4.57,1.31,0.0,0.0,1
2200994121458731008,2200994121458731307_2,2,35.26,12,2045518367,4,22.8,7.66,13.99,1,1,7.0,69.5,1.0,34.24,4.0,2.18,0.0,35.08,37.26,5.0,15.0,9.0,29.5,-9.42,2.18,0.0,0.0,1
2000993222176680960,2000993222176681081_2,12,19.56,12,2045518367,4,22.8,6.09,20.0,1,1,20.0,55.4,1.0,35.84,4.0,1.23,0.0,20.33,20.56,5.0,8.0,2.0,37.25,-24.92,1.23,0.0,0.0,1
2000993163566343936,2000993163566344051_3,7,40.63,12,2045518367,4,22.8,7.82,13.0,1,1,13.0,92.5,1.0,43.59,4.0,3.05,0.0,48.86,46.91,6.0,37.12,30.12,32.67,-20.93,3.05,0.0,0.0,2
2000993003278246912,2000993003278247357_1,11,21.81,12,2045518367,4,22.8,8.05,18.0,1,1,18.0,64.3,1.0,42.49,4.0,1.37,0.0,22.44,20.81,5.0,8.7,2.7,40.0,-26.26,1.37,0.0,0.0,1
4027480143682151936,4027480143682152133_1,14,34.51,12,2045518367,4,38.5,6.73,20.0,1,1,20.0,83.2,1.0,57.13,5.0,1.48,0.0,25.59,33.51,5.0,15.8,9.8,47.1,-37.31,1.48,0.0,7.94,1
5300992961915101184,5300992961915101032_2,9,103.9,12,2055274997,1,48.6,45.12,11.8,2,1,23.6,124.8,0.1,20.9,4.0,6.35,0.0,99.65,101.0,6.0,12.8,6.7,79.4,7.45,6.35,0.0,0.0,1
5300992961915101184,5300992961915101032_2,9,103.9,12,2045518367,4,45.6,30.35,20.0,2,1,40.0,124.8,0.1,20.9,4.0,6.35,0.0,99.65,101.0,6.0,12.8,6.7,79.4,7.45,6.35,0.0,0.0,1
2000992891626959104,2000992891626959149_2,7,27.5,12,2045518367,4,22.8,9.9,13.0,1,1,13.0,56.0,1.0,28.5,4.0,1.65,0.0,26.85,28.5,4.0,9.0,4.0,21.98,-4.13,1.65,0.0,0.0,1
2000992834246468096,2000992834246468445_2,11,25.6,12,2045518367,4,22.8,8.27,18.0,1,1,18.0,48.0,0.5,22.4,4.0,1.66,0.0,26.44,27.1,6.0,11.7,5.2,24.5,-9.76,1.66,0.0,0.0,1
2000992820088203008,2000992820088202943_2,12,20.8,12,2045518367,4,22.8,7.97,20.0,1,1,20.0,59.9,1.0,39.1,4.0,1.37,0.0,22.43,22.8,6.0,16.0,9.0,32.85,-26.42,1.37,0.0,0.0,1
2600992791014524928,2600992791014525322_2,13,15.7,12,2045518367,4,22.8,7.5,15.0,1,1,15.0,51.6,1.0,35.9,4.0,1.0,0.0,16.7,11.7,5.0,8.7,2.7,29.66,-21.66,1.0,0.0,0.0,1
2000992690180338944,2000992690180338901_2,11,20.9,12,2045518367,4,22.8,9.9,18.0,1,1,18.0,46.7,1.0,25.8,4.0,1.25,0.0,20.65,16.9,4.0,8.0,3.0,27.26,-14.61,1.25,0.0,0.0,1
2000992251868807936,2000992251868808467_1,2,18.32,12,2045518367,4,22.8,8.5,15.0,1,1,15.0,45.1,1.0,26.79,4.0,0.86,4.0,10.45,20.31,7.0,0.0,3.0,22.11,-11.66,4.86,0.0,0.0,1
2100991771819622912,2100991771819623040_1,13,53.7,12,2045518367,4,22.8,8.21,15.0,1,1,15.0,83.1,1.0,29.4,4.0,2.98,4.0,43.72,47.7,4.0,0.0,3.0,42.79,0.93,6.98,0.0,0.0,1
2000991750558522880,2000991750558523006_1,2,20.61,12,2045518367,4,22.8,8.66,16.0,1,1,16.0,49.2,1.0,28.59,4.0,1.0,4.0,12.61,20.61,5.0,0.0,3.0,27.11,-14.5,5.0,0.0,0.0,1
2000991752444504064,2000991752444504131_1,5,44.01,12,2045518367,4,22.8,9.26,25.0,1,1,25.0,94.5,1.0,50.49,4.0,2.4,4.0,34.61,45.01,6.0,0.0,3.0,61.75,-27.14,6.4,0.0,0.0,1
2000991721645451008,2000991721645450650_2,7,119.31,12,2055274997,1,15.8,15.8,9.8,1,1,9.8,216.1,1.0,66.69,4.0,8.96,0.0,141.45,150.41,4.0,19.5,14.5,94.64,27.31,8.96,0.0,0.0,2
2000991721645451008,2000991721645450650_2,7,119.31,12,2045518367,4,22.8,9.9,13.0,1,1,13.0,216.1,1.0,66.69,4.0,8.96,0.0,141.45,150.41,4.0,19.5,14.5,94.64,27.31,8.96,0.0,0.0,2
2100991700677889024,2100991700677888478_1,12,20.61,12,2045518367,4,22.8,8.64,25.0,1,1,25.0,52.7,1.0,32.09,4.0,1.0,4.0,12.61,20.61,5.0,0.0,3.0,34.87,-22.26,5.0,0.0,0.0,1
4400991702423796224,4400991702423795772_2,13,21.81,12,2045518367,4,22.8,8.05,15.0,1,1,15.0,61.6,1.0,39.79,4.0,1.37,0.0,22.44,22.81,5.0,12.65,6.65,35.11,-25.32,1.37,0.0,0.0,1
2000991684067952128,2000991684067951864_2,11,20.1,12,2045518367,4,22.8,7.92,18.0,1,1,18.0,42.4,1.0,22.3,4.0,1.27,0.0,20.83,22.1,5.0,7.0,1.0,24.94,-11.11,1.27,0.0,0.0,1
2000991631825779968,2000991631825779982_2,13,21.41,12,2045518367,4,22.8,8.02,15.0,1,1,15.0,63.11,1.0,41.7,4.0,1.34,0.0,22.07,20.41,5.0,8.8,2.8,37.13,-23.86,1.34,0.0,0.0,1
2000991583815223040,2000991583815223025_1,11,21.7,12,2045518367,4,22.9,6.41,18.0,1,1,18.0,53.2,1.0,31.5,4.0,1.36,0.0,22.34,20.7,5.0,7.7,1.7,34.92,-20.28,1.36,0.0,0.0,1
2000991322042534912,2000991322042535101_1,7,29.6,12,2045518367,4,25.4,25.4,13.0,1,1,13.0,29.6,1.0,0.0,4.0,1.54,4.0,21.06,31.6,5.0,0.0,3.0,13.7,7.36,5.54,0.0,0.0,1
2000990181087552000,2000990181087552089_1,7,29.5,12,2055274997,1,20.8,18.88,9.8,1,1,9.8,39.0,1.0,9.5,4.0,1.53,4.0,20.97,28.5,4.0,0.0,3.0,14.52,6.45,5.53,0.0,0.0,1
4036980068136593920,4036980068136593956_1,11,46.0,12,2055274997,1,20.4,13.74,9.0,1,1,9.0,81.0,1.0,35.0,5.0,1.85,4.5,35.65,46.0,5.0,0.0,3.5,32.41,3.24,6.35,0.0,0.0,1
2000988721146882048,2000988721146882421_1,14,29.8,12,2045518367,4,22.9,7.65,20.0,1,1,20.0,63.3,0.1,33.5,4.0,1.55,4.0,20.35,24.9,4.0,0.0,3.9,46.6,-26.25,5.55,0.0,0.0,1
2300985532053619968,2300985532053619704_1,13,38.5,12,2055274997,1,24.8,24.8,9.0,1,1,9.0,39.5,1.0,1.0,4.0,2.07,4.0,29.43,39.5,4.0,0.0,3.0,13.8,15.63,6.07,0.0,0.0,1
2000984531952483072,2000984531952483191_1,13,43.48,12,2045518367,4,39.9,37.97,15.0,1,1,15.0,65.7,1.0,7.2,4.0,3.27,4.0,48.23,56.5,4.0,13.0,8.0,25.0,10.23,7.27,0.0,0.0,2
4062050143138883072,4062050143138883251_1,11,83.8,12,2055274997,1,20.4,11.95,9.0,1,1,9.0,115.4,1.0,31.6,5.0,3.74,4.5,71.56,84.8,5.0,0.0,3.5,68.0,3.56,8.24,0.0,0.0,1
4063460142935261184,4063460142935260846_1,13,168.5,12,2055274997,1,25.6,25.6,9.0,1,1,9.0,183.9,1.0,15.4,6.0,7.98,4.5,151.02,169.0,6.0,0.0,3.5,81.16,69.86,12.48,0.0,0.0,1
4092270142960772096,4092270142960771825_1,11,41.5,12,2055274997,1,20.1,17.48,9.0,1,1,9.0,90.9,1.0,49.4,5.0,1.63,4.5,31.37,39.0,5.0,0.0,3.5,21.63,9.74,6.13,0.0,0.0,1
4098240142670304768,4098240142670304822_1,2,50.7,12,2055274997,1,20.8,13.88,8.8,1,1,8.8,68.1,1.0,17.4,5.0,2.08,4.5,40.12,50.7,5.0,0.0,3.5,28.2,11.92,6.58,0.0,0.0,1
600978371697879168,600978371697879197_2,13,159.2,12,2045518367,4,55.0,53.32,15.0,1,1,15.0,164.2,1.0,5.0,4.0,9.55,0.0,150.65,160.2,4.0,10.8,5.8,76.79,63.06,9.55,0.0,0.0,1
2000978360299677952,2000978360299677967_1,2,20.8,12,2055274997,1,19.8,17.31,8.8,1,1,8.8,29.8,1.0,9.0,4.0,1.01,4.0,12.79,22.8,7.0,0.0,3.0,10.66,2.13,5.01,0.0,0.0,1
4009250142637897216,4009250142637897383_1,12,42.1,12,2055274997,1,21.5,12.77,9.8,1,1,9.8,90.7,1.0,48.6,5.0,1.66,4.5,31.94,40.1,5.0,0.0,3.5,36.15,-4.21,6.16,0.0,0.0,1
2000976941444961024,2000976941444960903_1,12,124.7,12,2045518367,4,97.4,91.52,25.0,1,1,25.0,132.7,1.0,8.0,4.0,7.24,4.0,110.46,125.7,4.0,0.0,3.0,41.3,69.16,11.24,0.0,0.0,1
3300972792294010880,3300972792294011640_1,9,95.5,12,2045518367,4,34.9,30.71,20.0,1,1,20.0,113.3,0.5,17.8,4.0,5.85,0.0,92.15,98.0,6.0,10.8,4.3,63.2,18.15,5.85,0.0,0.0,1
4082670067041286144,4082670067041285746_2,7,70.8,12,2055274997,1,19.6,15.44,9.8,1,1,9.8,109.1,1.0,38.3,5.0,3.59,0.0,68.21,65.8,5.0,9.0,3.0,49.71,9.5,3.59,0.0,0.0,1
4084450142208168960,4084450142208169589_1,13,77.9,12,2055274997,1,21.0,21.0,9.0,1,1,9.0,90.3,1.0,12.4,5.0,3.44,4.5,65.96,78.5,5.0,0.0,3.5,44.68,21.28,7.94,0.0,0.0,1
4065910067040282112,4065910067040282248_1,2,15.8,12,2055274997,1,18.2,15.8,8.8,1,1,8.8,35.6,1.0,2.4,5.0,1.21,4.5,23.49,34.7,5.5,8.7,2.2,16.8,-2.01,5.71,0.0,0.0,2
2000970193732041984,2000970193732041618_1,5,55.91,12,2055274997,1,20.0,16.71,10.1,1,1,10.1,87.7,1.0,31.79,4.0,3.11,4.0,45.8,54.91,6.0,0.0,3.0,44.86,0.94,7.11,0.0,0.0,1
2900970180076889088,2900970180076888958_1,6,25.6,12,2055274997,1,13.3,13.3,7.0,1,1,7.0,25.6,1.0,0.0,4.0,1.66,0.0,26.94,23.6,6.0,10.8,3.8,13.38,2.76,1.66,0.0,0.0,1
4057730066994374144,4057730066994374384_2,13,29.41,12,2055274997,1,19.2,17.4,9.0,1,1,9.0,56.9,1.0,27.49,5.0,1.52,0.0,28.89,21.01,5.0,10.8,4.8,23.04,-4.95,1.52,0.0,0.0,1
4029140142108125184,4029140142108124756_1,2,37.92,12,2045518367,4,29.7,24.21,16.0,1,1,16.0,84.5,1.0,22.7,5.0,2.64,4.5,50.66,57.8,6.0,18.2,11.2,44.6,-12.14,7.14,0.0,0.0,2
2100968262353970944,2100968262353971252_2,7,74.96,12,2045518367,4,33.1,29.18,18.0,1,1,18.0,98.2,0.1,16.1,4.0,4.69,4.0,69.51,82.2,4.0,15.0,10.9,48.72,5.79,8.69,0.0,0.0,2
4095210141926696960,4095210141926697537_2,2,49.6,12,2055274997,1,19.8,12.12,8.8,1,1,8.8,68.6,1.0,19.0,5.0,2.53,0.0,48.07,36.6,5.0,10.8,4.8,31.06,6.21,2.53,0.0,0.0,1
300967061899305984,300967061899306023_1,6,55.9,12,2055274997,1,13.3,13.3,7.0,1,1,7.0,180.9,1.0,0.0,4.0,10.97,0.0,172.93,183.9,6.0,26.3,19.3,85.0,61.63,10.97,0.0,0.0,2
2800966944041571840,2800966944041572590_1,13,59.7,12,2055274997,1,20.0,19.06,9.0,1,1,9.0,62.7,1.0,3.0,4.0,3.34,4.0,49.36,62.7,6.0,0.0,3.0,27.72,21.64,7.34,0.0,0.0,1
4020370141943229952,4020370141943229954_1,5,36.0,12,2055274997,1,21.1,13.54,10.1,1,1,10.1,47.3,1.0,11.3,5.0,1.35,4.5,26.15,35.0,5.0,0.0,3.5,21.09,5.06,5.85,0.0,0.0,1
4083250147110971904,4083250147110972112_1,4,29.9,12,2045518367,4,30.0,9.9,14.2,1,1,7.1,62.3,1.0,32.4,5.0,1.05,4.5,20.35,27.7,5.0,0.0,3.5,26.1,-5.75,5.55,0.0,0.0,1
2001046462444899072,2001046462444898827_1,14,50.5,12,2045518367,4,30.0,8.29,14.2,1,1,7.1,85.3,0.1,34.8,4.0,2.79,4.0,39.81,45.6,4.0,0.0,3.9,42.29,-2.48,6.79,0.0,0.0,1
4027260147043467776,4027260147043467857_1,7,34.2,12,2045518367,4,30.0,8.25,14.2,1,1,7.1,64.7,1.0,30.5,5.0,1.26,4.5,24.44,34.2,5.0,0.0,3.5,29.99,-5.55,5.76,0.0,0.0,1
2001046383983823872,2001046383983823762_1,12,17.2,12,2045518367,4,30.0,9.9,14.2,1,1,7.1,87.1,1.0,23.9,5.0,3.49,4.0,51.71,66.2,7.0,19.8,11.8,41.75,-9.84,7.49,0.0,0.0,2
2001046353154174976,2001046353154174788_1,15,28.8,12,2055274997,1,13.0,8.95,8.0,1,1,8.0,66.9,1.0,38.1,0.0,1.73,0.0,28.07,27.8,0.0,6.5,5.5,33.4,-11.83,1.73,0.0,0.0,1
2001046353154174976,2001046353154174788_1,15,28.8,12,2045518367,4,30.0,6.81,13.4,1,1,13.4,66.9,1.0,38.1,0.0,1.73,0.0,28.07,27.8,0.0,6.5,5.5,33.4,-11.83,1.73,0.0,0.0,1
2001046292344578048,2001046292344577664_2,13,35.7,12,2045518367,4,30.0,7.01,14.2,1,1,7.1,98.8,1.0,63.1,0.0,2.14,0.0,34.56,33.7,0.0,6.5,5.5,39.75,-11.69,2.14,0.0,0.0,1
301046231542446080,301046231542446158_1,5,33.8,12,2045518367,4,30.0,7.99,25.0,1,1,25.0,82.1,1.0,48.3,5.0,1.73,4.0,24.07,28.8,5.0,0.0,3.0,64.4,-40.33,5.73,0.0,0.0,1
2901046213585688064,2901046213585687818_1,2,19.27,12,2055274997,1,21.0,17.22,10.0,2,1,20.0,44.7,1.0,8.0,4.0,1.96,4.0,27.74,37.7,4.0,19.8,14.8,38.83,-30.89,5.96,0.0,0.0,2
4064910071885007872,4064910071885008592_1,7,60.76,12,2045518367,4,30.0,7.64,14.2,1,1,7.1,142.4,1.0,62.1,5.0,3.57,4.5,68.23,72.1,5.0,10.5,4.5,79.94,-22.21,8.07,0.0,0.0,2
4078620071803345920,4078620071803346628_1,11,23.8,12,2045518367,4,30.0,9.9,14.2,1,1,7.1,68.2,1.0,44.4,5.0,0.74,4.5,14.56,24.8,5.0,0.0,3.5,17.6,-3.04,5.24,0.0,0.0,1
2001046081159804928,2001046081159804973_1,5,27.4,12,2045518367,4,30.0,8.92,25.0,1,1,25.0,70.28,1.0,42.88,5.0,1.34,4.0,18.06,29.4,6.0,0.0,3.0,54.05,-35.99,5.34,0.0,0.0,1
2001046061505092096,2001046061505091660_1,2,31.5,12,2045518367,4,30.0,7.88,14.2,1,1,7.1,63.5,1.0,32.0,5.0,1.59,4.0,21.91,25.5,5.0,0.0,3.0,30.3,-8.39,5.59,0.0,0.0,1
4023400146998885888,4023400146998885940_1,4,38.7,12,2045518367,4,30.0,9.9,14.2,1,1,7.1,90.4,1.0,47.5,5.0,1.69,4.5,32.71,43.9,5.0,9.0,3.0,32.0,-8.29,6.19,0.0,0.0,2
2001046004131714048,2001046004131714399_1,13,25.9,12,2045518367,4,30.0,9.9,14.2,1,1,7.1,49.78,1.0,23.88,4.0,1.31,4.0,17.59,26.9,4.0,0.0,3.0,17.59,0.0,5.31,0.0,0.0,1
4004500071790880768,4004500071790881531_1,6,35.4,12,2045518367,4,30.0,8.15,14.2,1,1,7.1,94.85,1.0,59.45,5.0,1.32,4.5,25.58,27.9,5.0,0.0,3.5,43.4,-17.82,5.82,0.0,0.0,1
4018230147057370112,4018230147057369772_1,6,33.9,12,2045518367,4,30.0,8.22,14.2,1,1,7.1,65.36,1.0,31.46,5.0,1.25,4.5,24.15,33.9,5.0,0.0,3.5,29.34,-5.19,5.75,0.0,0.0,1
2001045561920620032,2001045561920620161_1,12,55.9,12,2045518367,4,30.0,9.9,14.2,1,1,7.1,84.7,1.0,28.8,4.0,3.11,4.0,45.79,56.9,4.0,0.0,3.0,45.8,-0.01,7.11,0.0,0.0,1
4072160146944269824,4072160146944269924_1,8,35.6,12,2045518367,4,30.0,8.27,14.2,1,1,7.1,71.2,1.0,35.6,5.0,1.33,4.5,25.77,30.6,5.0,0.0,3.5,35.5,-9.73,5.83,0.0,0.0,1
4007220146947982848,4007220146947982954_2,15,55.1,12,2045518367,4,30.0,7.78,13.4,1,1,13.4,120.93,1.0,65.83,0.0,2.81,0.0,53.29,51.1,0.0,7.5,6.5,52.13,-6.34,2.81,9.4,0.0,1
501045052477497280,501045052477497276_1,2,182.93,12,2045518367,4,30.0,9.04,13.4,1,1,6.7,276.57,1.0,74.27,5.0,11.84,4.0,182.46,205.8,9.5,19.8,9.3,156.77,5.89,15.84,2.0,0.0,2
4051900071751357952,4051900071751358150_2,7,34.6,12,2045518367,4,30.0,8.23,13.4,1,1,6.7,99.0,1.0,64.4,5.0,1.78,0.0,33.82,29.6,5.0,12.5,6.5,15.67,5.65,1.78,0.0,0.0,1
4013890071724739072,4013890071724739179_2,13,64.6,12,2045518367,4,30.0,8.28,13.4,1,1,6.7,139.58,1.0,74.98,0.0,3.28,0.0,62.32,59.6,0.0,12.5,11.5,72.8,-22.98,3.28,0.0,0.0,1
3801044981377013248,3801044981377013362_1,15,29.76,12,2045518367,4,30.0,7.4,13.4,1,1,13.4,71.93,1.0,42.17,0.0,1.79,0.0,28.97,27.76,0.0,7.5,6.5,36.43,-14.96,1.79,0.0,0.0,1
601044982755208832,601044982755208845_1,2,109.0,12,2045518367,4,30.0,9.9,13.4,1,1,6.7,159.92,1.0,50.92,5.0,6.24,4.0,94.76,110.0,5.0,0.0,3.0,72.71,22.05,10.24,0.0,0.0,1
1801044963899229952,1801044963899230569_2,13,34.8,12,2045518367,4,30.0,8.65,13.4,1,1,6.7,79.8,1.0,45.0,0.0,2.09,0.0,33.71,35.8,0.0,8.7,7.7,31.44,-6.43,2.09,0.0,0.0,1
4501044962379916800,4501044962379916782_1,4,35.88,12,2045518367,4,30.0,9.9,13.4,1,1,6.7,59.76,0.1,23.88,5.0,1.85,4.0,25.13,35.98,5.0,0.0,3.9,27.28,-2.15,5.85,0.0,0.0,1
4015470146949666816,4015470146949667502_1,7,43.64,12,2045518367,4,30.0,7.61,13.4,1,1,6.7,119.9,1.0,43.1,5.0,3.39,4.5,64.91,70.8,5.0,10.8,4.8,66.5,-12.39,7.89,0.0,0.0,2
4071760071671882240,4071760071671882436_1,12,61.5,12,2055274997,1,10.9,8.32,9.8,1,1,9.8,133.9,1.0,72.4,5.5,2.63,4.5,49.87,52.5,5.5,0.0,3.5,54.8,-4.93,7.13,0.0,0.0,1
2201044892264421888,2201044892264421733_1,2,45.16,12,2045518367,4,30.0,8.19,13.4,1,1,6.7,129.64,1.0,67.38,5.0,3.44,4.0,50.82,57.26,5.0,10.8,4.8,63.36,-23.34,7.44,0.0,0.0,2
4007000146945444864,4007000146945445564_1,9,54.9,12,2045518367,4,30.0,8.64,15.0,1,1,15.0,86.0,1.0,31.1,6.0,2.3,4.5,43.1,54.4,6.5,0.0,3.5,53.97,-10.87,6.8,0.0,0.0,1
2001044851622190080,2001044851622189667_2,11,40.8,12,2045518367,4,30.0,9.9,12.0,1,1,6.0,76.9,0.5,36.1,0.0,2.45,0.0,38.85,41.3,0.0,8.8,8.3,26.25,3.8,2.45,0.0,0.0,1
4030570071710447104,4030570071710447127_1,10,39.3,12,2045518367,4,30.0,7.48,13.4,1,1,6.7,93.9,1.0,54.6,5.0,1.51,4.5,29.29,33.9,5.0,0.0,3.5,38.08,-8.79,6.01,0.0,0.0,1
2001044774173891072,2001044774173890916_2,13,20.9,12,2055274997,1,9.4,7.6,8.98,1,1,8.98,53.1,1.0,32.2,0.0,1.25,0.0,20.65,20.9,0.0,6.7,5.7,20.18,-6.23,1.25,0.0,0.0,1
2001044774173891072,2001044774173890916_2,13,20.9,12,2045518367,4,30.0,7.98,13.4,1,1,6.7,53.1,1.0,32.2,0.0,1.25,0.0,20.65,20.9,0.0,6.7,5.7,20.18,-6.23,1.25,0.0,0.0,1
4053160146981834752,4053160146981835466_2,7,35.4,12,2045518367,4,30.0,9.12,13.4,1,1,6.7,70.95,1.0,35.55,0.0,1.82,0.0,34.58,34.4,0.0,10.5,9.5,28.09,-4.01,1.82,0.0,0.0,1
4014470146870346752,4014470146870347400_1,5,11.1,12,2045518367,4,44.9,7.29,25.0,1,1,25.0,52.5,1.0,41.4,5.0,0.1,4.5,2.5,10.1,5.0,0.0,3.5,32.0,-29.5,4.6,0.0,0.0,1
2001044652475142912,2001044652475142593_1,4,17.4,12,2045518367,4,30.0,9.9,13.4,1,1,6.7,42.6,0.1,20.1,4.0,1.11,4.0,13.49,22.6,4.0,10.5,6.4,17.1,-14.11,5.11,0.0,0.0,2
4096590071709064192,4096590071709063833_1,7,37.5,12,2055274997,1,10.9,9.07,9.8,1,1,9.8,49.6,1.0,12.1,5.0,1.42,4.5,27.58,32.5,5.0,0.0,3.5,38.55,-10.97,5.92,0.0,0.0,1
4083510071686701056,4083510071686700728_1,4,10.8,12,2045518367,4,30.0,9.9,13.4,1,1,6.7,51.0,1.0,22.8,5.0,0.96,4.5,18.74,29.2,5.0,12.5,6.5,20.37,-14.13,5.46,0.0,0.0,2
4005450146868226048,4005450146868225766_2,14,37.0,12,2045518367,4,30.0,8.22,12.01,1,1,6.01,83.2,1.0,46.2,0.0,1.9,0.0,36.1,32.0,0.0,8.7,7.7,33.58,-6.18,1.9,0.0,0.0,1
4069070146975343104,4069070146975343248_1,14,262.9,12,2045518367,4,30.0,9.19,12.01,1,1,6.01,308.72,1.0,45.82,5.0,13.19,0.0,250.71,258.9,5.0,7.7,1.7,217.4,25.61,13.19,0.0,0.0,1
4009010146970489856,4009010146970490594_1,13,61.1,12,2045518367,4,30.0,7.54,13.4,1,1,6.7,106.2,1.0,45.1,5.5,2.6,4.5,49.5,56.1,5.5,0.0,3.5,59.27,-9.77,7.1,0.0,0.0,1
2901044561883210240,2901044561883209946_1,11,32.0,12,2045518367,4,30.0,7.53,12.0,1,1,6.0,67.98,1.0,35.98,0.0,1.92,0.0,31.08,30.0,0.0,6.7,5.7,23.44,0.94,1.92,5.8,0.0,1
2901044561883210240,2901044561883209946_1,11,32.0,12,2055274997,1,9.6,7.3,9.0,1,1,9.0,67.98,1.0,35.98,0.0,1.92,0.0,31.08,30.0,0.0,6.7,5.7,23.44,0.94,1.92,5.8,0.0,1
4009750071630282240,4009750071630282480_1,2,72.0,12,2045518367,4,30.0,8.1,13.4,1,1,6.7,108.1,1.0,36.1,6.0,3.15,4.5,59.35,71.0,8.0,0.0,3.5,64.71,-5.36,7.65,0.0,0.0,1
2001043631849191936,2001043631849192319_2,7,29.0,12,2045518367,4,30.0,7.35,14.2,1,1,7.1,110.76,1.0,81.76,0.0,1.74,0.0,28.26,27.0,0.0,7.7,6.7,30.58,-10.02,1.74,0.0,0.0,1
4030930071599285248,4030930071599284819_1,12,24.6,12,2045518367,4,30.0,9.9,14.2,1,1,7.1,54.0,1.0,28.5,5.0,0.83,4.5,16.17,26.5,5.0,12.5,6.5,15.25,-11.58,5.33,0.0,0.0,2
1801043613747047936,1801043613747047949_1,13,61.24,12,2045518367,4,30.0,9.9,15.0,1,1,15.0,91.88,1.0,30.64,4.0,3.43,4.0,50.81,62.24,4.0,0.0,3.0,32.85,17.96,7.43,0.0,0.0,1
2001043603782988032,2001043603782988322_1,9,22.7,12,2045518367,4,30.0,9.9,14.2,1,1,7.1,49.8,0.5,27.1,0.0,1.36,0.0,21.84,23.2,0.0,6.5,6.0,16.6,-1.26,1.36,0.0,0.0,1
301043601103834368,301043601103834419_1,5,37.6,12,2045518367,4,30.0,8.15,25.0,1,1,25.0,92.75,1.0,55.15,5.0,1.96,4.0,27.64,37.6,7.0,0.0,3.0,63.95,-36.31,5.96,0.0,0.0,1
4091670071655352832,4091670071655352888_1,6,32.78,12,2045518367,4,30.0,7.58,14.2,1,1,7.1,81.13,1.0,48.35,5.0,1.19,4.5,23.09,30.78,5.0,0.0,3.5,23.92,-0.83,5.69,0.0,0.0,1
4017910071590623232,4017910071590622945_1,13,55.1,12,2045518367,4,30.0,9.9,15.0,1,1,15.0,75.65,1.0,20.55,5.0,2.31,4.5,44.29,56.1,5.0,0.0,3.5,38.55,5.74,6.81,0.0,0.0,1
4041270146803557888,4041270146803557987_1,11,29.4,12,2055274997,1,20.6,20.6,9.0,1,1,9.0,29.4,1.0,0.0,5.0,1.02,4.5,19.88,30.4,5.0,0.0,3.5,10.44,9.44,5.52,0.0,0.0,1
4042390146809545216,4042390146809545268_1,7,20.7,12,2045518367,4,30.0,9.9,14.2,1,1,7.1,77.5,1.0,56.8,5.0,0.58,4.5,11.62,21.7,5.0,0.0,3.5,12.87,-1.25,5.08,0.0,0.0,1
4058800071718499840,4058800071718500057_1,9,59.4,12,2045518367,4,30.0,8.68,14.2,1,1,7.1,110.77,1.0,51.37,5.0,2.52,4.5,48.38,56.1,5.0,0.0,3.5,56.04,-7.66,7.02,0.0,0.0,1
4090350146802368000,4090350146802368123_1,13,33.6,12,2045518367,4,30.0,9.9,15.0,1,1,15.0,103.9,1.0,70.3,5.0,1.23,4.5,23.87,25.6,5.0,0.0,3.5,42.65,-18.78,5.73,0.0,0.0,1
2001043280867504128,2001043280867503627_1,13,26.45,12,2045518367,4,30.0,8.88,15.0,1,1,15.0,54.38,1.0,27.93,5.0,1.29,4.0,17.16,25.45,5.0,0.0,3.0,21.7,-4.54,5.29,0.0,0.0,1
4089390146843971072,4089390146843971232_1,6,20.7,12,2045518367,4,30.0,9.9,14.2,1,1,7.1,76.3,1.0,55.6,5.0,0.58,4.5,11.62,17.2,5.5,0.0,3.5,20.26,-8.64,5.08,0.0,0.0,1
2001043240779736064,2001043240779736300_2,9,31.6,12,2045518367,4,30.0,7.9,14.2,1,1,7.1,92.1,0.1,60.5,0.0,1.9,0.0,29.8,26.7,0.0,9.0,8.9,24.41,-3.61,1.9,4.0,0.0,1
2001043201330718976,2001043201330719418_2,8,31.7,12,2045518367,4,30.0,7.9,18.0,1,1,18.0,86.9,1.0,55.2,0.0,1.9,0.0,30.8,32.7,0.0,10.5,9.5,52.5,-32.2,1.9,0.0,0.0,1
4090880071552609792,4090880071552609901_2,12,167.6,12,2045518367,4,30.0,8.84,14.2,1,1,7.1,209.1,1.0,41.5,0.0,8.43,0.0,160.17,158.6,0.0,12.7,11.7,142.6,4.87,8.43,0.0,0.0,1
4083070146776458240,4083070146776457749_1,6,84.52,12,2045518367,4,30.0,8.13,14.2,1,1,7.1,181.38,1.0,89.47,0.0,4.15,4.5,84.26,94.91,7.0,7.7,-0.3,58.96,17.6,8.65,0.0,0.0,2
2001043133228315904,2001043133228316301_1,10,15.7,12,2045518367,4,30.0,7.5,13.4,1,1,6.7,52.34,1.0,36.64,0.0,0.94,0.0,15.76,12.7,0.0,7.5,6.5,14.4,-6.14,0.94,0.0,0.0,1
4076260146775298048,4076260146775297640_1,8,35.2,12,2045518367,4,30.0,7.7,18.0,1,1,18.0,96.28,1.0,61.08,6.0,1.31,4.5,24.39,32.3,6.0,0.0,3.5,54.88,-30.49,5.81,0.0,0.0,1
601042540584910208,601042540584910161_1,2,36.98,12,2045518367,4,30.0,9.38,14.2,1,1,7.1,91.38,1.0,37.24,4.0,3.01,4.0,44.13,49.14,4.0,14.5,9.5,27.62,2.01,7.01,0.0,0.0,2
2001042500483629056,2001042500483629339_2,7,26.0,12,2045518367,4,30.0,6.63,14.2,1,1,7.1,101.58,1.0,75.58,0.0,1.56,0.0,25.44,22.0,0.0,14.5,13.5,32.99,-22.05,1.56,0.0,0.0,1
3601042180924712960,3601042180924713331_1,15,54.7,12,2045518367,4,30.0,9.9,13.4,1,1,13.4,95.38,1.0,40.68,0.0,3.28,0.0,52.42,55.7,0.0,10.5,9.5,54.95,-13.03,3.28,0.0,0.0,1
4080730071577312768,4080730071577312900_2,6,41.3,12,2045518367,4,30.0,9.9,14.2,1,1,7.1,90.31,1.0,49.01,0.0,2.11,0.0,40.19,37.3,0.0,10.5,9.5,36.2,-6.51,2.11,0.0,0.0,1
4050850071550344192,4050850071550343806_1,13,64.4,12,2045518367,4,30.0,7.94,15.0,1,1,15.0,108.9,1.0,44.5,5.5,2.77,4.5,52.63,61.4,5.5,0.0,3.5,67.0,-14.37,7.27,0.0,0.0,1
4068760071509531136,4068760071509531301_1,7,33.9,12,2045518367,4,30.0,9.9,14.2,1,1,7.1,86.05,1.0,52.15,5.0,1.25,4.5,24.15,34.9,5.0,0.0,3.5,27.92,-3.77,5.75,0.0,0.0,1
4030500071570082816,4030500071570083333_1,7,36.9,12,2045518367,4,30.0,8.12,14.2,1,1,7.1,109.28,1.0,72.38,5.0,1.4,4.5,27.0,36.9,5.0,0.0,3.5,39.44,-12.44,5.9,2.05,0.0,1
3101042044115113984,3101042044115114448_1,2,62.99,12,2045518367,4,30.0,8.01,14.2,1,1,7.1,155.7,1.0,74.99,5.0,4.54,4.0,68.17,81.71,6.0,0.0,3.0,45.88,22.29,8.54,10.0,0.0,2
2001042031964602112,2001042031964602316_2,13,38.2,12,2045518367,4,30.0,7.84,15.0,1,1,15.0,115.25,1.0,77.05,0.0,2.29,0.0,36.91,38.2,0.0,10.7,9.7,61.45,-35.24,2.29,0.0,0.0,1
4069060146731226112,4069060146731225621_1,6,41.2,12,2045518367,4,30.0,9.9,14.2,1,1,7.1,71.66,1.0,30.46,5.0,1.61,4.5,31.09,42.2,5.0,0.0,3.5,23.65,7.44,6.11,0.0,0.0,1
4036550071563386880,4036550071563387465_1,13,22.1,12,2045518367,4,30.0,9.9,15.0,1,1,15.0,47.58,1.0,25.48,5.0,0.66,4.5,12.94,23.1,5.0,0.0,3.5,22.2,-9.26,5.16,0.0,0.0,1
4062800071532302848,4062800071532302925_1,6,19.7,12,2045518367,4,30.0,9.9,14.2,1,1,7.1,62.3,1.0,29.2,5.0,1.66,4.5,22.94,15.7,5.0,0.0,3.5,18.99,3.95,6.16,0.0,3.0,1
2001041722494330112,2001041722494330458_1,10,20.8,12,2045518367,4,30.0,7.98,14.2,1,1,7.1,60.9,1.0,40.1,0.0,1.25,0.0,20.55,16.8,0.0,9.0,8.0,14.6,-3.05,1.25,0.0,0.0,1
2001041661785487872,2001041661785487975_1,5,48.6,12,2045518367,4,30.0,7.8,25.0,1,1,25.0,103.36,1.0,54.76,5.0,2.62,4.0,37.98,46.6,6.0,0.0,3.0,61.79,-23.81,6.62,0.0,0.0,1
2601041013667160064,2601041013667159954_1,10,45.5,12,2045518367,4,30.0,8.91,14.2,1,1,7.1,92.1,1.0,46.6,0.0,2.73,0.0,43.77,36.5,0.0,12.7,11.7,39.79,-8.72,2.73,0.0,0.0,1
4083080146718596096,4083080146718595612_1,2,36.2,12,2045518367,4,30.0,8.17,14.2,1,1,7.1,90.9,1.0,54.7,5.0,1.36,4.5,26.34,33.2,5.0,0.0,3.5,37.85,-11.51,5.86,0.0,0.0,1
2001040862192752896,2001040862192753165_1,9,43.2,12,2045518367,4,30.0,7.09,14.2,1,1,7.1,116.38,0.5,73.18,0.0,2.59,0.0,41.11,38.7,0.0,6.5,6.0,41.65,-7.04,2.59,0.0,0.0,1
301040743236222784,301040743236222822_2,12,49.32,12,2045518367,4,30.0,8.98,18.0,1,1,9.0,85.18,1.0,35.86,0.0,2.96,0.0,47.36,50.32,0.0,8.7,7.7,25.53,13.13,2.96,0.0,0.0,1
2001040722296931072,2001040722296931089_1,5,30.7,12,2045518367,4,30.0,9.01,25.0,1,1,25.0,93.38,1.0,62.68,4.0,1.6,4.0,22.1,29.7,4.0,0.0,3.0,63.0,-40.9,5.6,0.0,0.0,1
4047890071483622912,4047890071483622999_1,9,111.5,12,2045518367,4,30.0,8.37,15.0,1,1,7.5,172.4,1.0,60.9,5.0,5.13,4.5,97.87,105.2,5.0,0.0,3.5,94.7,3.17,9.63,0.0,0.0,1
4092850071557605888,4092850071557605943_2,4,60.2,12,2045518367,4,33.8,7.53,15.0,1,1,7.5,103.1,1.0,42.9,0.0,3.06,0.0,58.14,55.2,0.0,14.5,13.5,61.9,-18.26,3.06,0.0,0.0,1
2101040674259264000,2101040674259263901_1,5,117.4,12,2045518367,4,30.0,8.51,25.0,1,1,25.0,168.15,1.0,50.75,5.0,6.74,4.0,102.66,114.4,5.0,0.0,3.0,111.01,-8.35,10.74,0.0,0.0,1
2001040483082012928,2001040483082013337_1,5,124.76,12,2045518367,4,30.0,8.58,25.0,1,1,25.0,192.26,1.0,67.5,5.0,7.19,4.0,109.57,122.76,5.0,0.0,3.0,117.57,-8.0,11.19,0.0,0.0,1
3801040470214767104,3801040470214766791_1,13,35.0,12,2045518367,4,30.0,8.05,15.0,1,1,15.0,128.76,1.0,93.76,4.0,1.86,4.0,26.14,34.0,4.0,0.0,3.0,31.11,-4.97,5.86,21.0,0.0,1
4070530071438282240,4070530071438282276_1,7,36.54,12,2045518367,4,60.0,32.59,13.3,2,1,13.3,88.7,1.0,39.5,5.0,2.01,4.5,38.69,46.2,5.0,12.5,6.5,20.74,5.45,6.51,0.0,0.0,2
4066030146625068032,4066030146625067727_1,7,62.8,12,2045518367,4,30.0,7.99,13.3,1,1,6.65,111.1,1.0,48.3,5.0,2.69,4.5,51.61,63.8,5.0,0.0,3.5,34.37,17.24,7.19,0.0,0.0,1
4090030146614925824,4090030146614925912_1,10,29.85,12,2045518367,4,30.0,7.4,12.0,1,1,6.0,85.72,1.0,55.87,5.0,1.05,4.5,20.3,27.85,5.0,0.0,3.5,26.63,-6.33,5.55,0.0,0.0,1
1901040320185633024,1901040320185632441_1,2,20.8,12,2045518367,4,30.0,9.9,12.0,1,1,6.0,40.9,1.0,20.1,4.0,1.01,4.0,12.79,21.8,4.0,0.0,3.0,8.25,4.54,5.01,0.0,0.0,1
2001040302345980928,2001040302345980971_1,2,37.54,12,2045518367,4,30.0,8.2,12.0,1,1,6.0,97.23,1.0,59.69,5.0,1.95,4.0,27.59,36.54,5.0,0.0,3.0,28.97,-1.38,5.95,0.0,0.0,1
3301040291817864192,3301040291817864098_1,9,21.8,12,2045518367,4,30.0,8.05,15.0,1,1,7.5,51.8,0.5,30.0,0.0,1.31,0.0,20.99,20.3,0.0,7.5,7.0,12.84,0.65,1.31,0.0,0.0,1
4057840071517064192,4057840071517063842_2,7,34.7,12,2045518367,4,30.0,8.23,13.3,1,1,6.65,70.1,1.0,35.4,0.0,1.78,0.0,33.92,34.7,0.0,7.7,6.7,30.99,-4.77,1.78,0.0,0.0,1
2001040210552612096,2001040210552611755_2,4,31.4,12,2045518367,4,30.0,6.99,15.0,1,1,7.5,90.48,1.0,59.08,0.0,1.88,0.0,30.52,28.4,0.0,14.5,13.5,47.1,-31.08,1.88,0.0,0.0,1
2001040210905661952,2001040210905661756_1,5,24.0,12,2045518367,4,30.0,9.9,25.0,1,1,25.0,55.45,1.0,31.45,4.0,1.2,4.0,15.8,25.0,4.0,0.0,3.0,37.1,-21.3,5.2,0.0,0.0,1
3601040151271080960,3601040151271080846_2,4,7.42,12,2045518367,4,30.0,7.42,15.0,1,1,7.5,68.79,1.0,36.99,4.0,1.67,4.0,23.13,32.8,4.0,12.8,7.8,21.04,-10.71,5.67,0.0,0.0,2
301039303406279872,301039303406279868_2,10,27.7,12,2045518367,4,30.0,6.73,12.0,1,1,12.0,88.5,0.5,60.8,0.0,1.66,0.0,26.54,26.2,0.0,23.8,23.3,33.55,-30.81,1.66,0.0,0.0,1
4066290146564103168,4066290146564102723_1,10,35.5,12,2045518367,4,30.0,8.15,12.0,1,1,12.0,77.18,1.0,41.68,5.0,1.33,4.5,25.67,32.1,5.0,0.0,3.5,37.5,-11.83,5.83,0.0,0.0,1
2001039260480370944,2001039260480370648_1,10,15.0,12,2045518367,4,30.0,7.42,12.0,1,1,12.0,46.4,1.0,31.4,0.0,0.9,0.0,15.1,14.0,0.0,7.7,6.7,16.1,-8.7,0.9,0.0,0.0,1
601039250922739584,601039250922739584_2,6,26.7,12,2045518367,4,30.0,6.65,15.0,1,1,15.0,71.0,1.0,44.3,0.0,1.6,0.0,26.1,26.7,0.0,14.5,13.5,37.8,-26.2,1.6,0.0,0.0,1
2001039240432431104,2001039240432430910_2,7,17.29,12,2045518367,4,30.0,8.03,18.0,1,1,18.0,77.9,0.1,43.5,5.0,1.76,4.0,23.74,34.5,5.0,8.8,3.7,35.95,-21.01,5.76,0.0,0.0,2
4067150146597387776,4067150146597387957_2,7,20.71,12,2045518367,4,30.0,7.65,18.0,1,1,18.0,127.72,1.0,62.9,5.0,2.79,4.5,53.53,59.82,5.0,9.0,3.0,57.0,-12.47,7.29,0.0,0.0,2
2001039191718514944,2001039191718515552_1,10,39.7,12,2045518367,4,30.0,7.45,12.0,1,1,6.0,99.48,1.0,59.78,0.0,2.38,0.0,38.32,27.7,0.0,6.5,5.5,36.4,-4.58,2.38,19.6,0.0,1
4057940071467154944,4057940071467154996_2,7,65.2,12,2045518367,4,30.0,7.68,18.0,1,1,18.0,133.98,1.0,68.78,5.0,2.81,4.5,53.89,60.2,5.0,18.7,12.7,72.41,-37.22,7.31,0.0,0.0,1
4019720071363193856,4019720071363194381_1,5,33.61,12,2045518367,4,30.0,7.61,25.0,1,1,25.0,86.4,1.0,52.79,5.5,1.23,4.5,23.38,31.51,5.5,0.0,3.5,43.95,-20.57,5.73,0.0,0.0,1
4030590071384879104,4030590071384878754_2,6,32.1,12,2045518367,4,30.0,8.13,15.0,1,1,15.0,80.09,1.0,47.99,0.0,1.66,0.0,31.44,29.1,0.0,14.5,13.5,39.81,-22.87,1.66,0.0,0.0,1
2901039152226418176,2901039152226417746_1,9,31.16,12,2045518367,4,30.0,6.98,15.0,1,1,15.0,81.2,0.5,50.04,0.0,1.87,0.0,29.79,29.66,0.0,8.7,8.2,31.21,-10.12,1.87,0.0,0.0,1
4061690071384600064,4061690071384600234_1,10,41.0,12,2045518367,4,30.0,8.35,12.0,1,1,12.0,120.79,1.0,79.79,5.5,1.6,4.5,30.4,32.6,5.5,0.0,3.5,50.45,-20.05,6.1,0.0,0.0,1
4005830071379019776,4005830071379020531_1,7,37.54,12,2045518367,4,30.0,8.34,18.0,1,1,18.0,80.92,1.0,43.39,6.0,1.43,4.5,26.6,37.53,6.0,0.0,3.5,32.56,-5.96,5.93,0.0,0.0,1
4096010146543559168,4096010146543559337_1,13,15.8,12,2045518367,4,30.0,9.9,15.0,1,1,15.0,64.7,1.0,36.0,5.0,0.99,4.5,19.21,30.2,5.5,12.7,6.2,46.7,-40.19,5.49,0.0,0.0,2
5301039062756477952,5301039062756477971_1,9,59.3,12,2045518367,4,30.0,7.69,15.0,1,1,15.0,114.08,0.5,54.78,0.0,3.56,0.0,56.24,49.8,0.0,10.7,10.2,62.13,-16.59,3.56,0.0,0.0,1
2001039043063917056,2001039043063917352_1,5,21.7,12,2045518367,4,30.0,8.69,25.0,1,1,25.0,44.8,1.0,23.1,5.0,1.0,4.0,12.7,23.7,8.0,0.0,3.0,31.0,-18.3,5.0,0.0,0.0,1
4082360146529866240,4082360146529866313_2,7,8.21,12,2045518367,4,30.0,8.21,18.0,1,1,18.0,127.6,1.0,69.3,6.0,2.47,4.5,46.33,56.8,6.5,12.5,5.0,69.5,-35.67,6.97,0.0,0.0,2
2001038971229350912,2001038971229350939_2,7,33.3,12,2045518367,4,30.0,7.11,18.0,1,1,18.0,113.78,1.0,80.48,0.0,2.0,0.0,32.3,21.3,0.0,16.7,15.7,49.33,-33.73,2.0,0.0,0.0,1
4049340146521096192,4049340146521095840_1,7,53.6,12,2045518367,4,30.0,8.56,18.0,1,1,18.0,45.05,1.0,31.46,5.0,1.79,4.5,3.3,45.4,5.0,0.0,3.5,24.7,-21.4,6.29,38.4,32.67,1
2101038931955514112,2101038931955514465_2,7,16.67,12,2045518367,4,30.0,8.46,18.0,1,1,18.0,176.65,1.0,87.91,4.0,5.08,4.0,76.66,89.74,4.0,14.5,9.5,88.54,-26.38,9.08,0.0,0.0,2
2001038883853159936,2001038883853159793_1,5,29.1,12,2045518367,4,30.0,7.17,25.0,1,1,25.0,87.38,1.0,58.28,5.0,1.45,4.0,19.65,30.1,7.0,0.0,3.0,54.3,-34.65,5.45,0.0,0.0,1
4059600071419518976,4059600071419519679_1,6,21.41,12,2045518367,4,30.0,9.9,15.0,1,1,15.0,59.23,1.0,37.82,5.0,0.62,4.5,12.29,17.41,5.0,0.0,3.5,22.17,-9.88,5.12,0.0,0.0,1
4022450146605202944,4022450146605202979_1,6,96.43,12,2045518367,4,30.0,9.15,15.0,1,1,15.0,166.25,1.0,35.23,5.0,5.12,4.5,117.4,133.5,5.0,12.8,6.8,114.5,-9.9,9.62,0.0,5.3,2
2201038822019218944,2201038822019218783_1,5,65.7,12,2045518367,4,30.0,8.04,25.0,1,1,25.0,134.86,1.0,69.16,5.0,3.64,4.0,54.06,65.7,6.0,0.0,3.0,75.09,-21.03,7.64,0.0,0.0,1
2001038813936219904,2001038813936219779_2,12,28.71,12,2045518367,4,30.0,6.81,20.0,1,1,20.0,93.96,1.0,65.25,0.0,1.72,0.0,27.99,25.71,0.0,12.5,11.5,55.2,-39.71,1.72,0.0,0.0,1
4012200146604229120,4012200146604229224_2,6,31.92,12,2045518367,4,30.0,7.76,15.0,1,1,15.0,177.06,1.0,91.34,6.0,3.84,4.5,72.38,78.82,7.0,18.5,10.5,77.72,-23.84,8.34,0.0,0.0,2
2001038774033217024,2001038774033217236_2,12,26.0,12,2045518367,4,30.0,6.59,20.0,1,1,20.0,100.28,1.0,74.28,0.0,1.56,0.0,25.44,24.0,0.0,10.5,9.5,56.6,-41.66,1.56,0.0,0.0,1
2001038773855063040,2001038773855063023_2,7,26.0,12,2045518367,4,30.0,6.63,18.0,1,1,18.0,103.98,1.0,77.98,0.0,1.56,0.0,25.44,22.0,0.0,14.5,13.5,44.52,-33.58,1.56,0.0,0.0,1
4004810071272842752,4004810071272842813_2,7,9.9,12,2045518367,4,30.0,9.9,18.0,1,1,18.0,43.4,1.0,20.1,5.0,0.72,4.5,14.08,19.8,5.5,18.7,12.2,22.0,-26.62,5.22,0.0,0.0,2
2401038093123581952,2401038093123582628_2,7,38.26,12,2045518367,4,30.0,8.23,18.0,1,1,18.0,155.99,1.0,96.79,5.0,3.25,4.0,47.95,60.2,5.0,18.5,12.5,69.1,-39.65,7.25,0.0,0.0,2
3301038043424322048,3301038043424322085_1,1,58.5,12,2045518367,4,30.0,7.66,15.0,1,1,15.0,95.6,1.0,37.1,0.0,3.51,0.0,55.99,47.5,0.0,12.8,11.8,60.05,-16.86,3.51,0.0,0.0,1
2001037924198461952,2001037924198462567_1,12,44.86,12,2045518367,4,30.0,9.9,20.0,1,1,20.0,93.38,1.0,48.52,4.0,2.45,4.0,35.41,45.86,4.0,0.0,3.0,48.19,-12.78,6.45,0.0,0.0,1
601037880136038528,601037880136038527_2,13,44.72,12,2045518367,4,30.0,7.17,15.0,1,1,15.0,129.26,1.0,84.54,0.0,2.68,0.0,43.04,33.72,0.0,10.5,9.5,54.11,-21.57,2.68,0.0,0.0,1
301037873401036608,301037873401036578_1,7,29.4,12,2045518367,4,30.0,9.9,18.0,1,1,18.0,101.16,1.0,71.76,5.0,1.46,4.0,19.94,30.4,5.0,0.0,3.0,38.5,-18.56,5.46,0.0,0.0,1
2001037870418002944,2001037870418003526_2,10,59.0,12,2045518367,4,30.0,9.12,12.0,1,1,12.0,87.88,1.0,28.88,0.0,3.54,0.0,56.46,59.0,0.0,10.5,9.5,39.22,6.74,3.54,0.0,0.0,1
2001037840031168000,2001037840031167695_1,5,27.2,12,2045518367,4,30.0,9.9,25.0,1,1,25.0,64.8,1.0,37.6,5.0,1.33,4.0,17.87,28.2,5.0,0.0,3.0,41.55,-23.68,5.33,0.0,0.0,1
3801037811150775808,3801037811150776464_1,12,36.1,12,2045518367,4,30.0,9.9,20.0,1,1,20.0,283.7,1.0,77.0,5.0,12.1,4.0,186.6,212.7,10.0,47.6,36.6,91.74,47.26,16.1,75.0,0.0,3
4086200146446985216,4086200146446984735_2,7,9.9,12,2045518367,4,30.0,9.9,18.0,1,1,18.0,40.0,1.0,20.1,5.0,0.55,4.5,10.85,15.9,5.0,9.0,3.0,21.75,-19.9,5.05,0.0,0.0,2
4048970071217603072,4048970071217603173_2,6,28.5,12,2045518367,4,30.0,9.9,15.0,1,1,15.0,66.0,1.0,37.5,5.0,1.48,0.0,28.02,24.5,5.0,7.5,1.5,33.6,-13.08,1.48,0.0,0.0,1
3201037770805262848,3201037770805262859_2,6,85.5,12,2045518367,4,30.0,9.9,15.0,1,1,15.0,110.35,0.1,24.85,0.0,5.13,0.0,80.47,85.6,0.0,12.5,12.4,44.8,23.17,5.13,0.0,0.0,1
4101037752787900928,4101037752787901354_2,7,26.3,12,2045518367,4,30.0,8.31,18.0,1,1,18.0,73.7,1.0,47.4,0.0,1.58,0.0,25.72,26.3,0.0,16.5,15.5,27.15,-17.93,1.58,0.0,0.0,1
4061910071269905920,4061910071269905959_1,7,57.08,12,2045518367,4,30.0,7.61,18.0,1,1,18.0,145.97,1.0,82.84,5.0,2.7,4.5,51.93,61.13,8.0,10.8,1.8,51.42,-10.29,7.2,0.0,0.0,2
4012530071269965824,4012530071269966457_2,7,21.58,12,2045518367,4,30.0,7.97,18.0,1,1,18.0,146.49,1.0,84.14,5.0,2.67,4.5,51.18,58.35,5.0,14.5,8.5,61.76,-25.08,7.17,0.0,0.0,2
4090110146479374848,4090110146479374977_1,11,30.33,12,2045518367,4,30.0,7.44,12.0,1,1,6.0,83.47,1.0,53.14,5.0,1.07,4.5,20.76,28.33,5.0,0.0,3.5,27.22,-6.46,5.57,0.0,0.0,1
4006330146475593216,4006330146475593320_2,6,55.83,12,2045518367,4,30.0,7.97,15.0,1,1,15.0,176.46,1.0,93.56,5.0,3.69,4.5,70.71,77.0,5.0,20.5,14.5,81.3,-31.09,8.19,0.0,0.0,2
4096790071240053248,4096790071240053279_1,9,36.5,12,2045518367,4,30.0,8.3,15.0,1,1,15.0,110.89,1.0,74.39,6.0,1.38,4.5,25.62,36.5,6.0,0.0,3.5,46.99,-21.37,5.88,0.0,0.0,1
4071030146467804160,4071030146467803694_1,10,79.6,12,2045518367,4,30.0,7.91,12.0,1,1,12.0,172.4,1.0,92.8,5.0,3.53,4.5,67.57,72.1,6.5,0.0,3.5,77.18,-9.61,8.03,0.0,0.0,1
4078080146422969856,4078080146422969942_2,7,53.03,12,2045518367,4,30.0,8.6,18.0,1,1,18.0,154.27,1.0,101.24,5.0,2.7,0.0,51.33,47.03,5.0,16.5,10.5,48.89,-14.06,2.7,0.0,0.0,1
4054290146518666240,4054290146518665874_1,10,60.51,12,2045518367,4,30.0,7.52,12.0,1,1,12.0,110.55,1.0,50.04,5.0,2.58,4.5,49.43,48.51,5.0,0.0,3.5,57.14,-7.71,7.08,0.0,0.0,1
2001037531055528960,2001037531055529154_1,5,161.3,12,2045518367,4,30.0,9.9,25.0,1,1,25.0,211.0,1.0,49.7,5.0,9.38,4.0,143.92,162.8,5.5,0.0,3.0,113.01,30.91,13.38,0.0,0.0,1
4095820071247416832,4095820071247416924_2,7,31.4,12,2045518367,4,30.0,7.54,18.0,1,1,18.0,135.18,1.0,103.78,5.0,1.62,0.0,30.78,29.4,5.0,14.5,8.5,49.21,-32.93,1.62,0.0,0.0,1
2101037523689952000,2101037523689951660_1,7,48.0,12,2045518367,4,30.0,7.53,18.0,1,1,18.0,95.5,1.0,47.5,5.0,2.58,4.0,37.42,50.0,10.0,0.0,3.0,58.1,-20.68,6.58,0.0,0.0,1
4045500071316092928,4045500071316093537_2,7,7.91,12,2045518367,4,30.0,7.91,18.0,1,1,18.0,132.06,1.0,68.05,5.0,2.75,4.5,52.76,60.91,5.0,12.5,6.5,56.69,-16.43,7.25,0.0,0.0,2
4075410146406972928,4075410146406972964_1,7,47.7,12,2045518367,4,30.0,8.18,18.0,1,1,18.0,77.8,1.0,30.1,5.0,1.93,4.5,37.27,45.7,5.0,0.0,3.5,39.6,-2.33,6.43,0.0,0.0,1
4084860071318456832,4084860071318457026_1,9,25.2,12,2045518367,4,30.0,9.9,12.0,1,1,6.0,73.85,1.0,48.65,5.0,0.81,4.5,15.89,21.2,5.0,0.0,3.5,18.95,-3.06,5.31,0.0,0.0,1
4028500071210065920,4028500071210066603_1,12,22.81,12,2045518367,4,30.0,9.9,20.0,1,1,20.0,63.5,1.0,40.69,5.0,0.69,4.5,13.62,18.81,5.0,0.0,3.5,34.6,-20.98,5.19,0.0,0.0,1
2001037431565672960,2001037431565673238_2,6,32.5,12,2045518367,4,30.0,9.9,15.0,1,1,15.0,60.8,0.1,28.3,0.0,1.95,0.0,30.65,27.6,0.0,12.7,12.6,30.2,-12.25,1.95,0.0,0.0,1
4016430146396225024,4016430146396225033_1,6,33.3,12,2045518367,4,30.0,9.08,15.0,1,1,15.0,66.5,1.0,33.2,5.0,1.22,4.5,23.58,32.3,5.0,0.0,3.5,33.5,-9.92,5.72,0.0,0.0,1
2001037400008090880,2001037400008091395_1,11,17.58,12,2045518367,4,30.0,7.7,12.0,1,1,6.0,50.3,1.0,32.72,0.0,1.05,0.0,17.53,12.58,0.0,6.7,5.7,12.5,-1.67,1.05,0.0,0.0,1
4037640071172447232,4037640071172446888_1,13,35.31,12,2045518367,4,30.0,9.13,13.4,1,1,6.7,67.7,1.0,32.39,5.0,1.32,4.5,25.49,34.31,5.0,0.0,3.5,21.87,3.62,5.82,0.0,0.0,1
2001037391333552128,2001037391333552034_2,7,26.0,12,2045518367,4,30.0,6.59,18.0,1,1,18.0,100.28,1.0,74.28,0.0,1.56,0.0,25.44,22.0,0.0,14.5,13.5,45.39,-34.45,1.56,0.0,0.0,1
3101037373731205120,3101037373731204998_1,10,55.34,12,2045518367,4,30.0,8.13,12.0,1,1,12.0,97.25,1.0,41.91,0.0,3.32,0.0,53.02,56.34,0.0,6.5,5.5,45.65,0.87,3.32,0.0,0.0,1
2201037350902857984,2201037350902858511_2,1,36.2,12,2045518367,4,30.0,8.1,15.0,1,1,15.0,79.35,0.1,43.15,0.0,2.17,0.0,34.13,31.3,0.0,10.5,10.4,39.49,-15.86,2.17,0.0,0.0,1
2401037330097548800,2401037330097548796_1,7,106.45,12,2045518367,4,30.0,9.9,18.0,1,1,18.0,176.61,1.0,70.16,5.0,6.09,4.0,92.36,109.45,7.0,0.0,3.0,70.55,21.81,10.09,0.0,0.0,1
4085450146347599872,4085450146347600518_2,10,50.1,12,2045518367,4,30.0,8.11,12.0,1,1,12.0,105.33,1.0,65.88,0.0,2.78,0.0,37.67,47.1,0.0,16.0,15.0,50.45,-28.78,2.78,28.0,9.74,1
2001036423315153920,2001036423315154436_2,15,20.59,12,2045518367,4,30.0,7.95,13.4,1,1,13.4,50.3,1.0,29.7,0.0,1.24,0.0,20.36,20.6,0.0,19.6,18.6,26.47,-25.71,1.24,0.0,0.0,1
4059670071257946112,4059670071257945722_1,10,31.2,12,2045518367,4,30.0,7.46,12.0,1,1,12.0,92.5,1.0,61.3,5.0,1.11,4.5,21.59,28.7,5.0,0.0,3.5,37.68,-16.09,5.61,0.0,0.0,1
4060600071255734784,4060600071255734809_1,15,34.5,12,2045518367,4,30.0,8.22,13.4,1,1,13.4,100.18,1.0,65.68,6.0,1.27,4.5,23.73,19.5,7.0,0.0,3.5,47.0,-23.27,5.77,0.0,0.0,1
4001036370283840000,4001036370283840163_1,13,29.5,12,2045518367,4,30.0,9.9,13.4,1,1,6.7,49.6,1.0,20.1,4.0,1.53,4.0,20.97,30.5,4.0,0.0,3.0,15.7,5.27,5.53,0.0,0.0,1
4061520071143217152,4061520071143216828_1,5,79.4,12,2045518367,4,30.0,8.01,25.0,1,1,25.0,133.02,1.0,53.62,5.0,3.52,4.5,67.38,74.3,5.5,0.0,3.5,89.96,-22.58,8.02,0.0,0.0,1
2001036340564407040,2001036340564407141_3,7,26.34,12,2045518367,4,30.0,9.73,13.4,1,1,6.7,239.25,1.0,65.75,5.0,10.11,4.0,155.39,170.5,7.0,47.0,39.0,75.78,32.61,14.11,15.0,0.0,4
2001036271879970048,2001036271879969444_1,5,25.3,12,2045518367,4,30.0,9.9,25.0,1,1,25.0,50.8,1.0,25.5,5.0,1.22,4.0,16.08,26.3,5.0,0.0,3.0,34.25,-18.17,5.22,0.0,0.0,1
2001036270922545920,2001036270922546532_2,11,20.0,12,2045518367,4,30.0,7.91,12.0,1,1,6.0,53.3,1.0,33.3,0.0,1.2,0.0,19.8,20.0,0.0,8.7,7.7,14.13,-3.03,1.2,0.0,0.0,1
2901036090189431808,2901036090189432179_2,7,19.01,12,2045518367,4,30.0,6.87,18.0,1,1,18.0,100.9,1.0,71.9,0.0,1.74,0.0,28.26,27.0,0.0,16.5,15.5,30.8,-19.04,1.74,26.0,0.0,2
4095500071110280192,4095500071110279829_2,4,9.14,12,2045518367,4,30.0,9.14,13.4,1,1,6.7,81.07,1.0,44.97,5.0,1.35,4.5,26.25,35.6,5.5,6.5,0.0,28.85,-9.1,5.85,0.0,0.0,2
4062800071104486912,4062800071104487014_1,6,20.7,12,2045518367,4,30.0,9.9,15.0,1,1,15.0,49.6,1.0,28.9,5.0,0.58,4.5,11.62,16.7,5.0,0.0,3.5,19.01,-7.39,5.08,0.0,0.0,1
4201036003174395904,4201036003174396245_1,2,30.58,12,2045518367,4,30.0,9.26,12.01,1,1,6.01,88.2,1.0,44.9,5.0,2.3,4.0,33.0,47.3,10.0,10.5,-0.5,25.02,-2.52,6.3,0.0,0.0,2
2601035990695291904,2601035990695291891_1,10,42.85,12,2045518367,4,30.0,7.08,12.0,1,1,12.0,103.72,1.0,60.87,0.0,2.57,0.0,41.28,33.85,0.0,10.5,9.5,45.95,-15.17,2.57,0.0,0.0,1
4073120146298741760,4073120146298742393_1,9,61.9,12,2045518367,4,30.0,8.29,12.0,1,1,6.0,115.58,1.0,53.68,6.0,2.65,4.5,49.75,59.9,6.0,0.0,3.5,55.1,-5.35,7.15,0.0,0.0,1
2001035970798670080,2001035970798669671_1,2,15.6,12,2045518367,4,30.0,9.9,12.01,1,1,6.01,55.6,1.0,27.2,5.0,1.4,4.0,19.0,32.4,8.0,19.8,10.8,13.51,-14.31,5.4,0.0,0.0,2
4096330146336594944,4096330146336595632_2,7,44.7,12,2045518367,4,30.0,7.9,13.4,1,1,6.7,84.7,1.0,40.0,0.0,2.28,0.0,43.42,26.7,0.0,12.2,11.2,39.7,-8.48,2.28,0.0,0.0,1
1801035931221338112,1801035931221338032_1,9,41.6,12,2045518367,4,30.0,9.9,12.0,1,1,6.0,75.4,0.5,33.8,0.0,2.5,0.0,39.6,42.1,0.0,6.5,6.0,22.1,11.0,2.5,0.0,0.0,1
3801035871286199808,3801035871286200463_1,4,8.44,12,2045518367,4,30.0,8.44,13.4,1,1,6.7,74.6,0.1,28.1,5.0,2.49,4.0,35.11,51.6,10.0,14.5,4.4,36.7,-16.09,6.49,0.0,0.0,2
301035871492399680,301035871492399693_1,13,28.75,12,2045518367,4,30.0,7.16,13.4,1,1,6.7,77.25,1.0,48.5,4.0,1.49,4.0,20.26,27.75,4.0,0.0,3.0,23.99,-3.73,5.49,0.0,0.0,1
4035720071062752256,4035720071062751778_2,14,19.6,12,2045518367,4,30.0,9.9,12.0,1,1,6.0,50.6,1.0,31.0,0.0,1.03,0.0,19.57,15.6,0.0,8.7,7.7,15.0,-4.13,1.03,0.0,0.0,1
2001034953406220032,2001034953406219816_1,5,47.8,12,2045518367,4,60.0,31.88,25.0,2,1,50.0,88.2,1.0,40.4,5.0,2.57,4.0,37.23,50.8,7.0,0.0,3.0,68.0,-30.77,6.57,0.0,0.0,1
4701034930276799488,4701034930276799005_1,4,25.0,12,2045518367,4,30.0,9.9,13.4,1,1,6.7,58.63,0.1,33.63,5.0,1.2,4.0,14.9,20.1,5.0,0.0,3.9,18.3,-3.4,5.2,0.0,0.0,1
2001034861295988992,2001034861295988964_1,2,65.39,12,2045518367,4,30.0,28.97,12.01,1,1,6.01,92.7,1.0,8.1,5.0,4.78,4.0,71.82,81.6,5.0,12.5,6.5,31.58,27.74,8.78,0.0,0.0,2
2001034861295988992,2001034861295988964_1,2,65.39,12,2055274997,1,21.2,20.47,10.0,1,1,10.0,92.7,1.0,8.1,5.0,4.78,4.0,71.82,81.6,5.0,12.5,6.5,31.58,27.74,8.78,0.0,0.0,2
4064010146238180864,4064010146238181049_2,7,78.1,12,2045518367,4,30.0,7.64,13.4,1,1,6.7,148.3,1.0,70.2,0.0,3.95,0.0,75.15,72.1,0.0,16.5,15.5,68.37,-9.72,3.95,0.0,0.0,1
2001034741254892032,2001034741254892166_1,9,52.3,12,2045518367,4,30.0,7.91,12.0,1,1,6.0,102.75,0.5,50.45,0.0,3.14,0.0,49.66,49.8,0.0,6.5,6.0,30.6,12.56,3.14,0.0,0.0,1
4063990071074531840,4063990071074531857_2,2,83.6,12,2045518367,4,30.0,7.73,12.01,1,1,6.01,139.4,1.0,55.8,0.0,4.23,0.0,80.37,75.4,0.0,10.5,9.5,65.61,4.26,4.23,0.0,0.0,1
2001034703646056960,2001034703646057094_1,7,16.8,12,2045518367,4,30.0,8.03,13.4,1,1,6.7,74.7,1.0,53.2,4.0,1.05,4.0,13.45,19.5,4.0,0.0,3.0,9.12,4.33,5.05,5.0,0.0,2
3101034684284859904,3101034684284860661_1,13,34.07,12,2045518367,4,30.0,7.84,13.4,1,1,6.7,103.65,1.0,61.75,5.0,2.21,4.0,31.69,40.9,6.0,10.5,3.5,40.78,-19.59,6.21,0.0,0.0,2
2001034672099405056,2001034672099404924_1,12,28.1,12,2045518367,4,30.0,7.11,18.1,1,1,9.05,59.2,1.0,31.1,5.0,1.39,4.0,18.71,26.1,8.0,0.0,3.0,24.05,-5.34,5.39,0.0,0.0,1
4049340146269374976,4049340146269375072_1,7,70.3,12,2045518367,4,30.0,8.02,13.4,1,1,6.7,122.5,1.0,52.2,6.0,3.07,4.5,57.73,59.6,6.0,0.0,3.5,55.8,1.93,7.57,0.0,0.0,1
4039290146260831232,4039290146260830904_1,13,80.7,12,2045518367,4,30.0,7.69,13.4,1,1,6.7,150.18,1.0,69.48,6.0,3.58,4.5,67.62,76.7,8.0,0.0,3.5,97.0,-29.38,8.08,0.0,0.0,1
2001034582816878080,2001034582816878128_2,11,101.8,12,2045518367,4,30.0,8.26,12.0,1,1,6.0,144.28,1.0,42.48,0.0,6.11,0.0,96.69,99.8,0.0,14.6,13.6,57.05,25.04,6.11,0.0,0.0,1
2001034562887822080,2001034562887821645_1,5,144.8,12,2045518367,4,30.0,9.9,25.0,1,1,25.0,280.41,1.0,135.61,5.0,8.39,4.0,128.41,149.8,9.0,0.0,3.0,163.1,-34.69,12.39,0.0,0.0,1
4099860070980747776,4099860070980747928_2,6,32.8,12,2045518367,4,30.0,8.16,12.0,1,1,6.0,59.9,1.0,27.1,5.0,1.69,0.0,32.11,32.8,5.0,10.5,4.5,23.5,-1.89,1.69,0.0,0.0,1
2001033870554945024,2001033870554944766_2,7,26.7,12,2045518367,4,30.0,6.65,13.4,1,1,6.7,115.58,1.0,88.88,0.0,1.6,0.0,26.1,25.7,0.0,18.5,17.5,30.9,-23.3,1.6,0.0,0.0,1
2001033870413822976,2001033870413822995_2,7,26.7,12,2045518367,4,30.0,6.7,13.4,1,1,6.7,115.36,1.0,88.66,0.0,1.6,0.0,26.1,23.7,0.0,14.5,13.5,27.99,-16.39,1.6,0.0,0.0,1
2001033563302238976,2001033563302239614_1,2,18.8,12,2045518367,4,30.0,8.53,12.0,1,1,6.0,53.8,1.0,35.0,4.0,0.89,4.0,10.91,17.8,4.0,0.0,3.0,16.96,-6.05,4.89,0.0,0.0,1
3801033510352805888,3801033510352806383_1,2,26.6,12,2045518367,4,30.0,9.9,12.0,1,1,6.0,83.4,1.0,39.9,5.0,2.31,4.0,33.19,44.5,5.0,12.7,6.7,21.91,-1.42,6.31,0.0,0.0,2
2001033471576442112,2001033471576442024_1,5,30.4,12,2045518367,4,30.0,7.26,25.0,1,1,25.0,80.05,1.0,49.65,5.0,1.52,4.0,20.88,29.4,5.0,0.0,3.0,49.43,-28.55,5.52,0.0,0.0,1
4085470146198255104,4085470146198255314_1,6,19.9,12,2045518367,4,30.0,9.9,12.0,1,1,6.0,64.9,1.0,45.0,5.0,0.55,4.5,10.85,15.9,5.0,0.0,3.5,23.66,-12.81,5.05,0.0,0.0,1
2001033440468154880,2001033440468155255_2,6,31.1,12,2045518367,4,30.0,9.9,12.0,1,1,6.0,54.5,1.0,23.4,0.0,1.87,0.0,30.23,32.1,0.0,6.8,5.8,18.2,5.23,1.87,0.0,0.0,1
4096450146145775104,4096450146145775270_1,11,51.0,12,2045518367,4,30.0,9.9,12.0,1,1,6.0,89.72,1.0,38.72,5.0,2.1,4.5,40.4,52.0,5.0,0.0,3.5,35.2,5.2,6.6,0.0,0.0,1
3401033350911526912,3401033350911527118_2,7,30.6,12,2045518367,4,30.0,6.94,13.4,1,1,6.7,120.38,1.0,89.78,0.0,1.84,0.0,29.76,28.6,0.0,16.8,15.8,35.52,-22.56,1.84,0.0,0.0,1
4082970071060491776,4082970071060491790_1,4,58.03,12,2045518367,4,30.0,7.67,13.4,1,1,6.7,77.54,1.0,27.18,6.0,3.44,4.5,37.42,60.7,6.0,0.0,3.5,43.12,-5.7,7.94,12.8,13.96,2
4065630070924780032,4065630070924780273_1,2,88.05,12,2045518367,4,30.0,8.06,12.0,1,1,6.0,197.48,1.0,109.43,5.0,3.95,4.5,75.6,87.55,8.5,0.0,3.5,63.14,12.46,8.45,0.0,0.0,1
4065630070924780032,4065630070924780273_1,2,88.05,12,2055274997,1,21.9,17.84,10.0,1,1,10.0,197.48,1.0,109.43,5.0,3.95,4.5,75.6,87.55,8.5,0.0,3.5,63.14,12.46,8.45,0.0,0.0,1
4019470146142679040,4019470146142678680_1,14,56.7,12,2045518367,4,60.0,33.41,12.0,2,1,12.0,125.16,1.0,68.46,5.0,2.89,0.0,54.81,53.7,5.0,8.7,2.7,40.1,6.01,2.89,0.0,0.0,1
2001033211150221056,2001033211150220744_2,6,29.7,12,2045518367,4,30.0,8.47,12.0,1,1,6.0,59.28,1.0,29.58,0.0,1.78,0.0,28.92,26.7,0.0,17.6,16.6,16.5,-5.18,1.78,0.0,0.0,1
1901033194274842112,1901033194274841809_1,12,29.5,12,2045518367,4,30.0,7.2,18.1,1,1,9.05,98.87,1.0,69.37,4.0,1.53,4.0,20.97,27.5,4.0,0.0,3.0,36.95,-15.98,5.53,0.0,0.0,1
4042540070964474880,4042540070964475442_1,2,41.89,12,2045518367,4,30.0,8.15,12.0,1,1,6.0,66.35,1.0,32.61,5.5,2.76,4.5,21.98,47.0,5.5,27.8,21.3,48.69,-54.51,7.26,0.0,14.94,2
2001033152599009024,2001033152599008743_1,13,18.8,12,2045518367,4,30.0,8.53,13.4,1,1,6.7,53.66,1.0,34.86,4.0,0.89,4.0,10.91,17.8,4.0,0.0,3.0,15.22,-4.31,4.89,0.0,0.0,1
4063130146119282176,4063130146119282391_1,2,17.16,12,2045518367,4,30.0,7.43,12.0,1,1,6.0,99.27,1.0,68.97,5.0,1.07,4.5,20.73,28.3,5.0,12.7,6.7,33.98,-25.95,5.57,0.0,0.0,2
4018310146116362752,4018310146116362936_1,6,97.73,12,2045518367,4,30.0,8.51,12.0,1,1,6.0,191.84,1.0,67.36,6.0,5.77,4.5,109.21,119.28,6.0,24.5,17.5,82.07,2.64,10.27,0.0,0.0,2
4501033091198838784,4501033091198839495_1,14,46.6,12,2045518367,4,30.0,9.9,12.0,1,1,6.0,90.08,0.1,43.48,4.0,2.56,4.0,36.14,46.7,4.0,0.0,3.9,45.0,-8.86,6.56,0.0,0.0,1
2001033090576940032,2001033090576939747_2,14,77.6,12,2045518367,4,30.0,8.57,12.0,1,1,6.0,113.25,0.1,35.65,0.0,4.66,0.0,73.04,77.7,0.0,14.5,14.4,49.2,9.34,4.66,0.0,0.0,1
4078970070895590912,4078970070895591051_1,1,24.4,12,2045518367,4,30.0,9.9,15.0,1,1,15.0,59.4,1.0,35.0,5.0,0.77,4.5,15.13,20.4,5.0,0.0,3.5,25.0,-9.87,5.27,0.0,0.0,1
3801032110442141184,3801032110442141291_1,8,28.5,12,2045518367,4,30.0,6.8,18.0,1,1,18.0,120.46,0.1,91.96,0.0,1.71,0.0,26.89,25.6,0.0,7.5,7.4,52.6,-33.21,1.71,0.0,0.0,1
2001032072683858944,2001032072683858887_2,7,29.0,12,2045518367,4,30.0,6.83,18.0,1,1,18.0,98.78,1.0,69.78,0.0,1.74,0.0,28.26,27.0,0.0,10.5,9.5,48.2,-30.44,1.74,0.0,0.0,1
2201032003564450048,2201032003564449493_2,7,30.6,12,2045518367,4,30.0,6.94,18.0,1,1,18.0,120.38,1.0,89.78,0.0,1.84,0.0,29.76,29.6,0.0,22.5,21.5,46.82,-39.56,1.84,0.0,0.0,1
3101031932647179776,3101031932647180361_2,14,44.1,12,2045518367,4,30.0,8.37,20.01,1,1,20.01,72.2,0.1,28.1,0.0,2.65,0.0,41.55,44.2,0.0,16.2,16.1,42.01,-16.66,2.65,0.0,0.0,1
4014470146090102784,4014470146090103396_1,5,15.5,12,2045518367,4,30.0,7.87,25.0,1,1,25.0,51.53,1.0,36.03,5.0,0.33,4.5,6.67,16.5,5.0,0.0,3.5,36.4,-29.73,4.83,0.0,0.0,1
2001031813257016064,2001031813257015892_1,9,21.9,12,2045518367,4,30.0,9.9,15.0,1,1,15.0,54.2,0.5,32.3,0.0,1.31,0.0,21.09,22.4,0.0,6.5,6.0,23.6,-9.01,1.31,0.0,0.0,1
4000950070959486976,4000950070959487535_3,7,20.54,12,2045518367,4,30.0,7.91,18.0,1,1,18.0,158.76,1.0,90.74,0.0,3.45,0.0,65.57,56.02,0.0,21.5,20.5,74.66,-30.59,3.45,0.0,0.0,2
2201031751206466048,2201031751206465637_1,13,22.8,12,2045518367,4,30.0,8.77,15.0,1,1,15.0,75.68,1.0,52.88,4.0,1.13,4.0,14.67,21.8,4.0,0.0,3.0,47.64,-32.97,5.13,0.0,0.0,1
2001031753490001920,2001031753490002057_2,7,42.7,12,2045518367,4,32.5,7.08,18.0,1,1,18.0,114.3,0.5,71.6,0.0,2.56,0.0,40.64,38.2,0.0,10.7,10.2,64.0,-34.06,2.56,0.0,0.0,1
2101031723785732096,2101031723785731516_2,13,115.71,12,2045518367,4,30.0,8.49,15.0,1,1,15.0,248.44,1.0,132.74,0.0,6.94,0.0,109.76,116.7,0.0,12.5,11.5,106.97,-9.71,6.94,0.0,0.0,1
2001031610044250112,2001031610044250257_2,6,27.0,12,2045518367,4,30.0,6.71,15.0,1,1,15.0,88.87,1.0,61.87,0.0,1.62,0.0,26.38,27.0,0.0,6.7,5.7,36.9,-17.22,1.62,0.0,0.0,1
4072900070865868800,4072900070865869321_1,9,19.8,12,2045518367,4,30.0,9.9,20.0,1,1,20.0,57.0,1.0,37.2,5.0,0.54,4.5,10.76,16.3,5.5,0.0,3.5,32.0,-21.24,5.04,0.0,0.0,1
4047500070862450176,4047500070862450250_2,7,69.3,12,2045518367,4,30.0,7.9,18.0,1,1,18.0,168.38,1.0,99.08,0.0,3.51,0.0,66.79,55.3,0.0,10.7,9.7,100.0,-43.91,3.51,0.0,0.0,1
2901030663916316160,2901030663916315611_1,13,58.29,12,2045518367,4,28.3,27.19,15.0,1,1,15.0,75.2,1.0,3.0,5.0,4.03,4.0,60.17,65.2,5.0,12.2,6.2,33.89,14.08,8.03,0.0,0.0,2
4075020146087644160,4075020146087643665_2,7,32.06,12,2045518367,4,33.8,32.06,18.0,1,1,18.0,71.6,1.0,16.1,5.0,2.33,4.5,44.67,54.5,5.0,12.5,6.5,33.61,-1.44,6.83,0.0,0.0,2
4025750070767703040,4025750070767702550_1,9,35.4,12,2045518367,4,38.3,13.19,20.0,1,1,20.0,93.6,1.0,58.2,6.0,1.32,4.5,24.58,33.4,6.0,0.0,3.5,44.44,-19.86,5.82,0.0,0.0,1
2001030273948293120,2001030273948292950_1,2,17.6,12,2055274997,1,20.6,17.6,10.0,1,1,10.0,20.6,1.0,3.0,4.0,0.82,4.0,9.78,16.6,4.0,0.0,3.0,10.0,-0.22,4.82,0.0,0.0,1
4030400145884391936,4030400145884391964_1,5,51.9,12,2055274997,1,23.4,18.96,10.1,1,1,10.1,76.6,1.0,24.7,5.0,2.15,4.5,41.25,50.2,5.0,0.0,3.5,48.1,-6.85,6.65,0.0,0.0,1
2001027483749558016,2001027483749557756_1,10,62.2,12,2045518367,4,24.1,13.26,12.0,1,1,12.0,95.1,1.0,32.9,0.0,3.73,0.0,59.47,63.2,0.0,9.0,8.0,60.5,-10.03,3.73,0.0,0.0,1
2901027450921286144,2901027450921285531_1,2,36.24,12,2055274997,1,20.6,15.64,10.0,1,1,10.0,62.0,1.0,15.0,4.0,2.58,4.0,37.42,44.0,4.0,12.5,7.5,24.5,0.42,6.58,0.0,0.0,2
501027370698911488,501027370698911504_1,1,29.4,12,2045518367,4,28.3,11.71,15.0,1,1,15.0,60.6,1.0,31.2,0.0,1.76,0.0,28.64,20.4,0.0,10.8,9.8,30.25,-12.41,1.76,0.0,0.0,1
2001024540237412096,2001024540237411540_2,12,45.7,12,2055274997,1,13.6,12.29,9.8,1,1,9.8,67.1,1.0,21.4,0.0,2.74,0.0,43.96,45.7,0.0,14.5,13.5,41.7,-12.24,2.74,0.0,0.0,1
4079060145594434048,4079060145594434115_1,2,95.0,12,2055274997,1,21.7,16.86,10.0,1,1,10.0,133.1,1.0,38.1,5.0,4.3,4.5,82.2,95.1,5.0,0.0,3.5,66.11,16.09,8.8,0.0,0.0,1
4601023422324984832,4601023422324985596_1,8,64.4,12,2045518367,4,33.3,30.91,18.0,1,1,18.0,69.4,0.1,5.0,0.0,3.86,0.0,60.64,56.5,0.0,7.5,7.4,37.8,15.34,3.86,0.0,0.0,1
4079110145490023936,4079110145490024005_1,2,24.49,12,2055274997,1,21.7,18.0,10.0,1,1,10.0,67.1,1.0,32.9,5.0,1.26,4.5,24.44,29.2,5.0,21.8,15.8,22.0,-19.36,5.76,0.0,0.0,2
3101021980650229248,3101021980650228782_1,7,81.17,12,2045518367,4,33.3,32.36,18.0,1,1,18.0,107.2,1.0,3.0,4.0,6.01,4.0,91.19,103.2,4.0,6.5,1.5,37.72,46.97,10.01,13.0,0.0,2
2001021682426311936,2001021682426311833_2,11,48.71,12,2045518367,4,35.0,31.73,18.0,1,1,18.0,60.4,1.0,11.69,0.0,2.92,0.0,46.79,46.71,0.0,10.5,9.5,28.25,8.04,2.92,0.0,0.0,1
1801020350809888000,1801020350809887683_1,2,17.36,12,2055274997,1,19.7,17.36,8.8,1,1,8.8,32.8,1.0,10.73,4.0,1.08,4.0,13.99,21.07,4.0,14.5,9.5,10.94,-11.45,5.08,0.0,0.0,2
4009770070130360832,4009770070130361039_1,7,41.6,12,2055274997,1,21.4,18.32,9.8,1,1,9.8,70.1,1.0,28.5,5.5,1.63,4.5,30.97,41.6,5.5,0.0,3.5,30.35,0.62,6.13,0.0,0.0,1
2001018740638748928,2001018740638748653_1,13,32.29,12,2045518367,4,28.3,28.3,15.0,1,1,15.0,41.1,1.0,8.81,4.0,1.7,4.0,23.59,33.29,4.0,0.0,3.0,16.84,6.75,5.7,0.0,0.0,1
3901018733433436160,3901018733433435533_2,11,179.71,12,2045518367,4,70.0,68.1,18.0,2,1,36.0,208.5,0.5,28.79,0.0,10.78,0.0,169.43,176.21,0.0,6.5,6.0,88.93,74.0,10.78,0.0,0.0,1
301018664239947904,301018664239947926_1,6,89.8,12,2045518367,4,28.3,28.3,15.0,1,1,15.0,177.9,1.0,2.5,0.0,10.52,0.0,165.88,176.4,0.0,29.8,28.8,73.08,63.0,10.52,0.0,0.0,2
301018664239947904,301018664239947926_1,6,89.8,12,2055274997,1,16.0,16.0,7.0,1,1,7.0,177.9,1.0,2.5,0.0,10.52,0.0,165.88,176.4,0.0,29.8,28.8,73.08,63.0,10.52,0.0,0.0,2
2001017102892054016,2001017102892053567_1,2,55.68,12,2045518367,4,28.3,27.5,15.0,1,1,15.0,114.0,1.0,9.8,4.0,6.01,4.0,91.19,105.2,4.0,16.5,11.5,62.8,11.89,10.01,0.0,0.0,2
4023760069981039104,4023760069981039108_1,11,38.2,12,2055274997,1,20.0,20.0,9.0,1,1,9.0,38.2,1.0,0.0,5.0,1.46,4.5,28.24,39.7,5.5,0.0,3.5,16.49,11.75,5.96,0.0,0.0,1
2901015882588679168,2901015882588678675_1,2,34.21,12,2055274997,1,19.7,18.13,8.8,1,1,8.8,43.9,1.0,9.69,4.0,1.81,4.0,25.4,30.21,4.0,0.0,3.0,18.05,7.35,5.81,0.0,0.0,1
4084220145048626176,4084220145048625802_2,2,73.09,12,2055274997,1,22.6,15.77,8.8,1,1,8.8,120.5,1.0,47.41,0.0,3.7,0.0,70.39,68.29,0.0,12.7,11.7,55.1,2.59,3.7,0.0,0.0,1
4024240144966845952,4024240144966846101_1,6,99.9,12,2045518367,4,29.8,24.79,15.0,1,1,15.0,133.6,1.0,33.7,5.0,4.55,4.5,86.85,86.0,5.0,0.0,3.5,74.7,12.15,9.05,0.0,0.0,1
4024240144966845952,4024240144966846101_1,6,99.9,12,2055274997,1,16.8,13.97,7.0,1,1,7.0,133.6,1.0,33.7,5.0,4.55,4.5,86.85,86.0,5.0,0.0,3.5,74.7,12.15,9.05,0.0,0.0,1
4021650069762499072,4021650069762499301_1,6,51.97,12,2045518367,4,29.8,23.82,15.0,1,1,15.0,79.8,1.0,16.0,5.0,2.74,4.5,52.56,60.8,5.0,0.0,3.5,24.7,27.86,7.24,4.2,0.0,2
2701013314231332864,2701013314231332995_2,6,46.37,12,2045518367,4,31.1,28.45,15.0,1,1,15.0,58.4,0.5,5.0,0.0,3.2,0.0,50.7,51.9,0.0,27.1,26.6,30.1,-6.5,3.2,0.0,0.0,2
2801012952043778048,2801012952043777441_2,11,43.4,12,2055274997,1,22.1,22.1,9.0,1,1,9.0,43.4,1.0,0.0,0.0,2.6,0.0,41.8,44.4,0.0,7.5,6.5,21.0,13.3,2.6,0.0,0.0,1
2201012953196567040,2201012953196566586_1,6,21.9,12,2055274997,1,16.0,16.0,7.0,1,1,7.0,30.4,1.0,8.5,0.0,1.31,0.0,21.59,22.9,0.0,6.5,5.5,9.5,5.59,1.31,0.0,0.0,1
4054490144741023232,4054490144741023472_1,6,140.99,12,2045518367,4,29.8,26.1,15.0,1,1,15.0,221.3,1.0,80.31,6.0,6.6,4.5,124.89,136.99,6.0,0.0,3.5,65.84,59.05,11.1,0.0,0.0,1
4046190144684592128,4046190144684591646_1,12,58.39,12,2055274997,1,21.4,17.16,9.8,1,1,9.8,95.1,1.0,30.3,5.0,2.79,4.5,53.51,61.8,5.0,12.5,6.5,35.32,5.69,7.29,0.0,0.0,2
2001010142135077888,2001010142135078008_1,7,65.82,12,2045518367,4,36.7,35.33,18.0,1,1,18.0,93.6,1.0,16.01,4.0,4.42,4.0,66.17,76.59,4.0,9.7,4.7,30.25,26.22,8.42,0.0,0.0,2
